crop,moisture,temp,pump
wheat,646,18,0
wheat,533,21,1
wheat,521,25,1
wheat,619,15,1
wheat,833,12,0
wheat,632,13,0
wheat,568,17,1
wheat,645,23,0
wheat,498,25,0
wheat,580,22,1
wheat,675,21,0
wheat,749,10,0
wheat,637,9,0
wheat,484,15,1
wheat,494,25,0
wheat,481,31,1
wheat,484,15,1
wheat,493,17,1
wheat,633,22,0
wheat,777,12,0
wheat,601,19,0
wheat,468,19,1
wheat,743,27,1
wheat,586,13,1
wheat,735,32,1
wheat,657,8,0
wheat,442,28,1
wheat,555,13,1
wheat,835,30,1
wheat,515,12,1
wheat,729,27,1
wheat,711,16,0
wheat,780,28,1
wheat,780,29,1
wheat,718,22,0
wheat,766,25,1
wheat,479,30,1
wheat,753,26,1
wheat,880,31,1
wheat,629,26,0
wheat,528,31,1
wheat,507,30,1
wheat,516,10,1
wheat,659,7,0
wheat,666,16,0
wheat,506,31,1
wheat,540,29,1
wheat,874,27,1
wheat,411,19,1
wheat,682,23,0
wheat,775,33,1
wheat,817,25,0
wheat,796,22,0
wheat,714,25,0
wheat,600,19,1
wheat,448,21,1
wheat,766,22,0
wheat,511,11,1
wheat,626,21,0
wheat,631,21,0
wheat,714,21,0
wheat,846,23,0
wheat,793,27,1
wheat,485,33,1
wheat,623,18,0
wheat,573,28,1
wheat,575,25,0
wheat,609,23,1
wheat,547,27,1
wheat,760,27,1
wheat,623,25,1
wheat,611,11,1
wheat,628,21,0
wheat,709,15,0
wheat,658,11,0
wheat,579,23,1
wheat,669,24,1
wheat,756,19,0
wheat,787,22,0
wheat,476,28,1
wheat,427,24,1
wheat,472,19,1
wheat,477,31,1
wheat,685,24,0
wheat,424,20,1
wheat,524,14,1
wheat,702,11,0
wheat,559,10,1
wheat,836,31,1
wheat,427,25,1
wheat,483,30,1
wheat,589,20,0
wheat,707,19,0
wheat,583,21,1
wheat,537,21,1
wheat,827,23,0
wheat,600,21,1
wheat,504,23,1
wheat,688,19,0
wheat,555,14,1
wheat,745,15,0
wheat,722,19,0
wheat,473,22,1
wheat,764,31,1
wheat,625,15,0
wheat,793,15,0
wheat,728,13,0
wheat,681,18,0
wheat,841,26,1
wheat,534,15,1
wheat,731,13,0
wheat,776,14,0
wheat,424,30,1
wheat,703,20,0
wheat,610,24,0
wheat,514,31,1
wheat,633,26,0
wheat,605,21,0
wheat,774,25,0
wheat,759,17,0
wheat,801,17,0
wheat,630,15,0
wheat,861,31,1
wheat,712,12,0
wheat,597,23,1
wheat,839,34,1
wheat,693,27,1
wheat,787,29,1
wheat,621,23,0
wheat,523,22,1
wheat,898,28,1
wheat,405,22,1
wheat,654,21,0
wheat,740,7,0
wheat,516,30,1
wheat,546,32,1
wheat,885,25,1
wheat,502,30,1
wheat,606,15,0
wheat,563,22,1
wheat,592,30,1
wheat,484,35,1
wheat,781,31,1
wheat,563,34,1
wheat,780,27,1
wheat,521,23,1
wheat,627,22,0
wheat,501,28,1
wheat,632,21,0
wheat,679,19,0
wheat,770,15,0
wheat,476,31,1
wheat,739,27,1
wheat,741,27,1
wheat,711,18,0
wheat,670,11,0
wheat,568,22,1
wheat,596,22,0
wheat,511,30,1
wheat,605,14,0
wheat,715,20,0
wheat,509,21,1
wheat,684,10,0
wheat,624,10,0
wheat,594,11,1
wheat,453,23,1
wheat,773,16,0
wheat,690,22,0
wheat,530,24,1
wheat,682,19,0
wheat,463,24,0
wheat,579,21,1
wheat,687,21,0
wheat,506,28,1
wheat,513,8,1
wheat,458,22,1
wheat,531,29,1
wheat,567,30,1
wheat,716,13,0
wheat,700,18,0
wheat,871,29,1
wheat,651,20,0
wheat,616,25,1
wheat,502,15,1
wheat,654,18,0
wheat,476,29,1
wheat,530,29,1
wheat,504,29,1
wheat,721,16,0
wheat,464,20,1
wheat,598,15,0
wheat,415,29,1
wheat,436,28,1
wheat,737,25,1
wheat,490,21,1
wheat,588,8,0
wheat,640,16,0
wheat,809,18,0
wheat,461,28,1
wheat,726,28,1
wheat,508,32,1
wheat,504,21,1
wheat,594,21,0
wheat,731,29,1
wheat,427,25,1
wheat,553,25,1
wheat,530,27,1
wheat,521,21,1
wheat,493,29,1
wheat,601,22,0
wheat,485,16,1
wheat,639,10,0
wheat,452,30,1
wheat,567,22,1
wheat,493,32,1
wheat,681,23,0
wheat,712,32,1
wheat,780,16,0
wheat,625,31,1
wheat,691,14,0
wheat,725,26,1
wheat,655,16,0
wheat,836,27,1
wheat,561,22,1
wheat,643,18,0
wheat,521,17,1
wheat,631,25,1
wheat,600,24,0
wheat,587,16,1
wheat,634,22,0
wheat,703,13,0
wheat,527,34,1
wheat,636,16,0
wheat,850,28,1
wheat,716,17,0
wheat,562,22,1
wheat,506,20,1
wheat,635,10,0
wheat,761,20,0
wheat,778,32,1
wheat,645,20,0
wheat,656,11,0
wheat,501,30,1
wheat,470,32,1
wheat,570,15,1
wheat,671,18,0
wheat,691,20,0
wheat,557,22,1
wheat,642,22,0
wheat,776,30,1
wheat,727,28,1
wheat,446,34,1
wheat,599,21,1
wheat,452,6,1
wheat,670,25,1
wheat,683,17,0
wheat,447,24,1
wheat,619,20,1
wheat,638,26,1
wheat,642,14,0
wheat,696,24,0
wheat,594,20,1
wheat,604,24,0
wheat,807,32,1
wheat,623,15,0
wheat,633,27,1
wheat,602,21,0
wheat,667,22,0
wheat,682,22,0
wheat,603,10,1
wheat,553,16,1
wheat,716,20,0
wheat,783,27,1
wheat,727,16,0
wheat,703,26,1
wheat,570,26,1
wheat,624,13,0
wheat,591,21,0
wheat,590,28,0
wheat,825,14,0
wheat,858,32,1
wheat,817,29,1
wheat,721,13,0
wheat,591,22,0
wheat,766,23,0
wheat,492,26,0
wheat,635,15,0
wheat,523,23,1
wheat,687,27,1
wheat,662,17,0
wheat,674,18,0
wheat,616,19,0
wheat,520,23,1
wheat,639,22,0
wheat,526,27,1
wheat,622,20,0
wheat,686,18,0
wheat,644,28,1
wheat,819,32,1
wheat,674,8,0
wheat,556,9,1
wheat,799,13,0
wheat,576,22,1
wheat,645,21,0
wheat,650,23,0
wheat,798,29,1
wheat,779,29,1
wheat,699,27,1
wheat,659,8,0
wheat,698,27,1
wheat,457,21,1
wheat,468,31,1
wheat,649,20,0
wheat,854,31,1
wheat,662,22,0
wheat,622,8,0
wheat,607,22,0
wheat,712,22,0
wheat,861,27,1
wheat,443,28,1
wheat,830,33,1
wheat,470,32,1
wheat,755,20,0
wheat,541,22,1
wheat,607,13,0
wheat,520,10,1
wheat,510,19,1
wheat,571,11,1
wheat,536,27,1
wheat,818,29,1
wheat,578,29,1
wheat,677,8,0
wheat,539,29,1
wheat,769,24,0
wheat,753,26,1
wheat,629,11,0
wheat,700,9,0
wheat,630,18,0
wheat,432,28,1
wheat,798,20,0
wheat,799,28,1
wheat,575,28,1
wheat,689,13,0
wheat,658,20,0
wheat,578,27,1
wheat,414,29,1
wheat,794,27,1
wheat,581,24,0
wheat,655,19,0
wheat,708,21,0
wheat,494,20,1
wheat,529,29,1
wheat,712,8,0
wheat,501,12,1
wheat,751,30,1
wheat,733,18,0
wheat,452,23,1
wheat,651,18,0
wheat,531,13,1
wheat,632,21,0
wheat,544,25,0
wheat,556,7,1
wheat,517,28,1
wheat,749,23,0
wheat,575,20,1
wheat,453,28,1
wheat,583,12,0
wheat,555,18,1
wheat,685,11,0
wheat,744,30,1
wheat,408,33,1
wheat,436,29,1
wheat,551,25,1
wheat,663,20,0
wheat,754,17,0
wheat,473,33,1
wheat,463,22,1
wheat,574,21,1
wheat,726,9,0
wheat,817,28,1
wheat,474,32,1
wheat,769,28,1
wheat,749,26,1
wheat,585,18,0
wheat,588,13,1
wheat,782,21,0
wheat,766,30,1
wheat,691,15,0
wheat,709,16,0
wheat,601,22,0
wheat,672,21,0
wheat,822,29,1
wheat,541,24,1
wheat,826,6,0
wheat,530,16,1
wheat,618,21,1
wheat,684,23,0
wheat,507,18,1
wheat,556,30,1
wheat,538,19,1
wheat,828,13,0
wheat,554,30,1
wheat,630,20,0
wheat,652,23,0
wheat,543,31,1
wheat,651,19,0
wheat,700,25,0
wheat,729,26,1
wheat,576,24,0
wheat,585,22,0
wheat,658,15,0
wheat,571,20,1
wheat,757,23,0
wheat,666,15,0
wheat,613,18,0
wheat,510,25,1
wheat,536,24,1
wheat,858,33,1
wheat,516,19,1
wheat,696,16,0
wheat,565,18,1
wheat,844,23,0
wheat,690,18,0
wheat,623,20,0
wheat,642,24,1
wheat,792,27,1
wheat,511,18,1
wheat,564,19,1
wheat,740,33,1
wheat,640,15,0
wheat,577,14,1
wheat,728,27,1
wheat,651,23,0
wheat,621,23,0
wheat,778,22,0
wheat,590,24,0
wheat,743,21,0
wheat,403,33,1
wheat,627,9,0
wheat,615,19,0
wheat,439,28,1
wheat,737,8,0
wheat,694,23,0
wheat,548,21,1
wheat,683,21,0
wheat,542,20,1
wheat,678,19,0
wheat,738,26,1
wheat,664,15,0
wheat,662,10,0
wheat,528,20,1
wheat,415,23,1
wheat,797,26,0
wheat,596,13,0
wheat,745,28,1
wheat,664,23,0
wheat,644,24,0
wheat,513,22,1
wheat,412,28,1
wheat,558,20,1
wheat,529,20,1
wheat,594,15,1
wheat,674,29,1
wheat,501,25,1
wheat,650,25,0
wheat,575,33,1
wheat,600,27,0
wheat,826,27,1
wheat,849,32,1
wheat,815,29,1
wheat,735,23,0
wheat,695,26,0
wheat,586,29,0
wheat,639,26,0
wheat,623,26,1
wheat,472,27,1
wheat,694,26,1
wheat,789,25,0
wheat,665,10,0
wheat,732,8,0
wheat,512,31,1
wheat,492,33,1
wheat,636,19,0
wheat,458,16,1
wheat,618,26,1
wheat,756,29,1
wheat,757,17,0
wheat,552,23,1
wheat,660,23,0
wheat,629,11,0
wheat,533,16,1
wheat,684,15,0
wheat,670,20,0
wheat,782,22,0
wheat,766,26,0
wheat,532,26,1
wheat,674,17,0
wheat,755,14,0
wheat,657,20,0
wheat,553,33,1
wheat,480,30,1
wheat,578,29,1
wheat,613,14,1
wheat,750,26,1
wheat,693,9,0
wheat,654,15,0
wheat,758,8,0
wheat,621,17,0
wheat,633,18,0
wheat,602,21,0
wheat,527,29,1
wheat,697,17,0
wheat,602,17,1
wheat,761,15,0
wheat,601,22,1
wheat,691,11,0
wheat,671,20,0
wheat,649,14,0
wheat,799,19,0
wheat,754,31,1
wheat,428,30,1
wheat,471,30,1
wheat,798,18,0
wheat,666,19,0
wheat,689,22,0
wheat,683,14,0
wheat,750,32,1
wheat,516,23,1
wheat,483,33,1
wheat,766,26,1
wheat,624,27,1
wheat,739,23,0
wheat,563,26,1
wheat,508,11,1
wheat,574,26,1
wheat,497,33,1
wheat,661,19,0
wheat,472,28,1
wheat,636,21,0
wheat,751,26,1
wheat,647,25,1
wheat,537,23,1
wheat,577,23,1
wheat,805,29,1
wheat,496,24,0
wheat,552,25,1
wheat,495,30,1
wheat,469,29,1
wheat,400,28,1
wheat,536,14,1
wheat,533,20,1
wheat,551,21,1
wheat,480,32,1
wheat,677,15,0
wheat,642,21,0
wheat,534,14,1
wheat,790,30,1
wheat,874,28,1
wheat,742,32,1
wheat,492,24,1
wheat,829,34,1
wheat,518,22,1
wheat,506,25,1
wheat,583,26,0
wheat,677,15,0
wheat,725,34,1
wheat,498,29,1
wheat,572,19,1
wheat,612,20,0
wheat,491,29,1
wheat,855,31,1
wheat,527,32,1
wheat,615,34,0
wheat,626,20,0
wheat,710,16,0
wheat,758,29,1
wheat,542,15,1
wheat,530,30,1
wheat,508,26,1
wheat,486,33,1
wheat,576,18,1
wheat,841,26,1
wheat,572,14,1
wheat,489,25,1
wheat,794,10,0
wheat,408,22,1
wheat,699,29,1
wheat,759,15,0
wheat,765,25,1
wheat,895,31,1
wheat,577,31,1
wheat,675,12,0
wheat,629,23,0
wheat,773,30,1
wheat,738,24,0
wheat,645,12,0
wheat,520,24,1
wheat,564,24,1
wheat,715,10,0
wheat,668,19,0
wheat,686,17,0
wheat,810,26,1
wheat,618,19,1
wheat,743,29,1
wheat,752,30,1
wheat,464,34,1
wheat,674,8,0
wheat,534,27,1
wheat,729,30,1
wheat,876,32,1
wheat,649,14,0
wheat,766,31,1
wheat,762,21,0
wheat,640,14,0
wheat,466,30,1
wheat,735,24,0
wheat,689,17,0
wheat,626,17,0
wheat,655,13,0
wheat,706,18,0
wheat,660,20,0
wheat,440,23,1
wheat,685,13,0
wheat,465,21,1
wheat,822,29,1
wheat,864,31,1
wheat,630,25,0
wheat,601,20,1
wheat,668,19,0
wheat,484,13,1
wheat,598,12,1
wheat,581,17,1
wheat,680,7,0
wheat,427,22,1
wheat,598,22,0
wheat,822,11,0
wheat,591,11,1
wheat,841,27,1
wheat,797,34,1
wheat,452,27,1
wheat,453,30,1
wheat,494,17,1
wheat,678,23,0
wheat,459,28,1
wheat,504,34,1
wheat,471,25,0
wheat,427,22,1
wheat,778,28,1
wheat,672,20,0
wheat,543,33,1
wheat,574,30,1
wheat,774,19,0
wheat,825,29,1
wheat,726,18,0
wheat,585,22,1
wheat,508,22,1
wheat,562,29,1
wheat,628,18,0
wheat,536,9,1
wheat,648,9,0
wheat,494,15,1
wheat,710,19,0
wheat,489,29,1
wheat,746,18,0
wheat,586,21,0
wheat,649,20,0
wheat,709,10,0
wheat,506,20,1
wheat,511,25,0
wheat,624,23,0
wheat,461,29,1
wheat,619,19,0
wheat,666,18,0
wheat,664,18,0
wheat,653,24,0
wheat,491,23,1
wheat,466,18,1
wheat,648,21,0
wheat,564,34,1
wheat,529,26,0
wheat,722,19,0
wheat,556,16,1
wheat,489,23,1
wheat,460,30,1
wheat,590,31,0
wheat,781,28,1
wheat,719,13,0
wheat,573,26,1
wheat,780,32,1
wheat,702,27,1
wheat,784,29,1
wheat,781,29,1
wheat,776,24,1
wheat,846,22,0
wheat,874,25,0
wheat,664,21,0
wheat,598,18,0
wheat,574,18,1
wheat,702,20,0
wheat,634,22,0
wheat,751,26,1
wheat,548,30,1
wheat,541,27,1
wheat,612,21,1
wheat,842,29,1
wheat,840,30,1
wheat,673,17,0
wheat,627,24,1
wheat,617,29,0
wheat,498,32,1
wheat,488,29,1
wheat,657,26,1
wheat,612,8,0
wheat,786,27,1
wheat,456,21,1
wheat,587,18,1
wheat,548,28,1
wheat,637,18,0
wheat,577,13,1
wheat,509,19,1
wheat,569,28,1
wheat,708,15,0
wheat,507,10,1
wheat,592,33,1
wheat,739,17,0
wheat,779,27,1
wheat,591,17,1
wheat,773,9,0
wheat,710,17,0
wheat,708,24,1
wheat,823,29,1
wheat,576,10,1
wheat,554,26,1
wheat,707,19,0
wheat,785,29,1
wheat,875,35,1
wheat,569,10,1
wheat,701,13,0
wheat,409,16,1
wheat,652,15,0
wheat,672,21,0
wheat,710,10,0
wheat,581,29,1
wheat,512,28,1
wheat,812,32,1
wheat,694,20,0
wheat,642,16,0
wheat,607,22,1
wheat,602,9,1
wheat,754,30,1
wheat,622,22,0
wheat,590,21,1
wheat,842,29,1
wheat,823,30,1
wheat,549,31,1
wheat,675,14,0
wheat,745,23,0
wheat,701,24,0
wheat,609,30,0
wheat,480,21,1
wheat,589,31,0
wheat,601,10,1
wheat,729,24,1
wheat,532,24,1
wheat,479,29,1
wheat,674,17,0
wheat,589,19,0
wheat,637,24,0
wheat,522,29,1
wheat,722,22,0
wheat,608,21,1
wheat,599,20,0
wheat,667,22,0
wheat,731,16,0
wheat,594,31,1
wheat,512,34,1
wheat,691,24,0
wheat,721,19,0
wheat,741,10,0
wheat,500,29,1
wheat,664,21,0
wheat,716,25,1
wheat,637,31,1
wheat,587,24,0
wheat,533,26,1
wheat,737,25,0
wheat,527,27,1
wheat,530,10,1
wheat,577,24,1
wheat,702,14,0
wheat,552,27,1
wheat,557,18,1
wheat,844,25,0
wheat,575,20,1
wheat,764,31,1
wheat,567,22,1
wheat,683,16,0
wheat,418,21,1
wheat,787,29,1
wheat,635,7,0
wheat,500,18,1
wheat,626,18,0
wheat,618,16,0
wheat,610,16,1
wheat,502,18,1
wheat,435,29,1
wheat,404,22,1
wheat,820,29,1
wheat,545,21,1
wheat,833,24,0
wheat,576,9,1
wheat,484,25,1
wheat,454,8,1
wheat,560,21,1
wheat,470,27,1
wheat,502,21,1
wheat,564,20,1
wheat,485,25,0
wheat,784,28,1
wheat,629,26,1
wheat,576,19,1
wheat,848,23,0
wheat,472,24,1
wheat,897,30,1
wheat,486,24,0
wheat,640,18,0
wheat,658,17,0
wheat,864,8,0
wheat,536,26,0
wheat,448,30,1
wheat,811,32,1
wheat,439,17,1
wheat,735,28,1
wheat,732,32,1
wheat,478,24,1
wheat,713,26,1
wheat,764,31,1
wheat,558,9,1
wheat,558,23,1
wheat,712,14,0
wheat,771,26,1
wheat,716,21,0
wheat,609,25,1
wheat,576,14,1
wheat,790,17,0
wheat,829,26,0
wheat,822,22,0
wheat,527,32,1
wheat,872,33,1
wheat,808,26,1
wheat,486,23,1
wheat,606,20,1
wheat,741,16,0
wheat,529,33,1
wheat,562,22,1
wheat,681,12,0
wheat,691,14,0
wheat,693,7,0
wheat,570,28,1
wheat,627,19,0
wheat,579,18,1
wheat,495,25,0
wheat,603,23,0
wheat,719,28,1
wheat,427,28,1
wheat,639,24,0
wheat,665,12,0
wheat,610,22,0
wheat,607,27,0
wheat,783,32,1
wheat,640,23,0
wheat,649,20,0
wheat,752,18,0
wheat,839,32,1
wheat,502,23,1
wheat,628,19,0
wheat,531,23,1
wheat,760,16,0
wheat,649,18,0
wheat,591,19,1
wheat,819,20,0
wheat,692,16,0
wheat,814,20,0
wheat,460,25,0
wheat,720,19,0
wheat,599,18,1
wheat,796,28,1
wheat,496,28,1
wheat,579,8,1
wheat,646,27,1
wheat,597,25,1
wheat,878,28,1
wheat,487,22,1
wheat,585,18,1
wheat,840,27,1
wheat,602,21,1
wheat,820,21,0
wheat,548,21,1
wheat,575,27,1
wheat,517,24,0
wheat,714,13,0
wheat,534,21,1
wheat,853,27,1
wheat,586,23,1
wheat,863,29,1
wheat,617,19,1
wheat,625,22,0
wheat,695,14,0
wheat,541,23,1
wheat,788,31,1
wheat,594,16,1
wheat,617,15,1
wheat,651,22,0
wheat,540,24,1
wheat,490,30,1
wheat,675,26,1
wheat,502,32,1
wheat,528,28,1
wheat,810,28,1
wheat,698,18,0
wheat,846,28,1
wheat,598,20,1
wheat,661,7,0
wheat,589,15,0
wheat,771,30,1
wheat,553,28,1
wheat,539,23,1
wheat,884,29,1
wheat,593,22,1
wheat,635,8,0
wheat,535,22,1
wheat,437,33,1
wheat,797,19,0
wheat,754,20,0
wheat,559,22,1
wheat,655,20,0
wheat,529,29,1
wheat,505,22,1
wheat,802,23,0
wheat,792,27,1
wheat,704,23,0
wheat,558,28,1
wheat,763,27,1
wheat,531,19,1
wheat,640,24,0
wheat,655,23,0
wheat,623,22,0
wheat,659,26,1
wheat,667,13,0
wheat,598,20,0
wheat,490,24,1
wheat,790,32,1
wheat,751,13,0
wheat,467,31,1
wheat,623,20,0
wheat,711,12,0
wheat,737,19,0
wheat,639,23,0
wheat,758,31,1
wheat,659,22,0
wheat,640,21,0
wheat,536,17,1
wheat,428,30,1
wheat,632,17,0
wheat,466,24,1
wheat,844,28,1
wheat,756,13,0
wheat,612,26,0
wheat,528,25,1
wheat,558,24,1
wheat,678,27,1
wheat,747,16,0
wheat,644,14,0
wheat,740,14,0
wheat,753,20,0
wheat,467,21,1
wheat,482,19,1
wheat,637,19,0
wheat,470,34,1
wheat,502,29,1
wheat,640,15,0
wheat,576,14,1
wheat,765,24,1
wheat,532,25,0
wheat,550,21,1
wheat,638,19,0
wheat,636,16,0
wheat,752,19,0
wheat,738,30,1
wheat,841,32,1
wheat,585,24,1
wheat,670,13,0
wheat,512,26,1
wheat,674,20,0
wheat,775,34,1
wheat,793,33,1
wheat,692,21,0
wheat,463,21,1
wheat,525,13,1
wheat,668,21,0
wheat,524,33,1
wheat,716,34,1
wheat,694,13,0
wheat,421,27,1
wheat,539,32,1
wheat,779,21,0
wheat,772,28,1
wheat,750,32,1
wheat,514,21,1
wheat,626,28,1
wheat,530,30,1
wheat,469,25,0
wheat,450,28,1
wheat,557,30,1
wheat,634,23,0
wheat,781,21,0
wheat,551,7,1
wheat,829,33,1
wheat,670,20,0
wheat,592,33,1
wheat,850,27,1
wheat,777,26,1
wheat,751,18,0
wheat,799,28,1
wheat,683,24,0
wheat,696,26,1
wheat,629,19,0
wheat,787,30,1
wheat,863,34,1
wheat,541,26,1
wheat,730,17,0
wheat,674,24,0
wheat,590,15,0
wheat,466,25,1
wheat,580,30,1
wheat,510,28,1
wheat,613,11,1
wheat,587,22,0
wheat,637,10,0
wheat,777,9,0
wheat,530,25,1
wheat,672,25,0
wheat,697,22,0
wheat,673,28,1
wheat,782,19,0
wheat,585,21,0
wheat,581,26,1
wheat,566,22,1
wheat,701,25,1
wheat,804,29,1
wheat,741,24,1
wheat,712,19,0
wheat,571,25,1
wheat,640,16,0
wheat,695,19,0
wheat,637,19,0
wheat,783,31,1
wheat,490,23,1
wheat,685,24,0
wheat,574,16,1
wheat,759,11,0
wheat,589,19,1
wheat,725,24,1
wheat,599,12,0
wheat,601,21,1
wheat,797,29,1
wheat,686,20,0
wheat,434,23,1
wheat,620,13,1
wheat,464,14,1
wheat,583,22,1
wheat,487,22,1
wheat,486,29,1
wheat,807,16,0
wheat,541,31,1
wheat,552,19,1
wheat,820,13,0
wheat,790,6,0
wheat,449,31,1
wheat,757,26,1
wheat,690,11,0
wheat,488,34,1
wheat,738,11,0
wheat,668,7,0
wheat,427,28,1
wheat,804,26,1
wheat,722,12,0
wheat,617,14,0
wheat,785,26,0
wheat,648,18,0
wheat,602,17,1
wheat,796,29,1
wheat,692,23,0
wheat,464,31,1
wheat,832,34,1
wheat,674,17,0
wheat,668,18,0
wheat,731,10,0
wheat,777,9,0
wheat,448,28,1
wheat,656,23,0
wheat,590,18,0
wheat,489,30,1
wheat,576,27,1
wheat,720,11,0
wheat,721,27,1
wheat,515,32,1
wheat,619,22,1
wheat,454,28,1
wheat,571,21,1
wheat,612,23,1
wheat,682,13,0
wheat,703,13,0
wheat,617,11,0
wheat,494,19,1
wheat,705,21,0
wheat,568,12,1
wheat,809,29,1
wheat,681,12,0
wheat,765,30,1
wheat,733,14,0
wheat,561,20,1
wheat,739,16,0
wheat,747,14,0
wheat,695,18,0
wheat,651,24,0
wheat,418,33,1
wheat,534,32,1
wheat,765,34,1
wheat,715,23,0
wheat,559,23,1
wheat,897,32,1
wheat,542,18,1
wheat,597,17,0
wheat,722,16,0
wheat,788,30,1
wheat,469,15,1
wheat,618,17,1
wheat,629,21,0
wheat,728,15,0
wheat,540,31,1
wheat,804,24,1
wheat,720,18,0
wheat,539,14,1
wheat,591,26,0
wheat,554,20,1
wheat,787,22,0
wheat,546,20,1
wheat,811,28,1
wheat,675,25,0
wheat,483,21,1
wheat,406,20,1
wheat,549,19,1
wheat,807,35,1
wheat,579,14,1
wheat,628,23,0
wheat,691,13,0
wheat,516,28,1
wheat,772,30,1
wheat,753,34,1
wheat,479,30,1
wheat,473,24,1
wheat,489,24,1
wheat,555,18,1
wheat,412,28,1
wheat,753,29,1
wheat,694,24,0
wheat,583,25,0
wheat,779,11,0
wheat,515,30,1
wheat,821,22,0
wheat,666,28,1
wheat,601,12,0
wheat,405,18,1
wheat,487,30,1
wheat,722,9,0
wheat,472,20,1
wheat,651,15,0
wheat,520,30,1
wheat,801,33,1
wheat,754,30,1
wheat,775,29,1
wheat,422,26,1
wheat,735,20,0
wheat,481,16,1
wheat,609,24,1
wheat,643,15,0
wheat,554,24,0
wheat,868,33,1
wheat,728,30,1
wheat,571,12,1
wheat,466,29,1
wheat,610,22,0
wheat,689,28,1
wheat,632,23,0
wheat,478,22,1
wheat,719,16,0
wheat,562,21,1
wheat,515,33,1
wheat,634,23,0
wheat,568,18,1
wheat,743,18,0
wheat,491,22,1
wheat,778,16,0
wheat,732,21,0
wheat,612,14,0
wheat,586,15,1
wheat,496,11,1
wheat,616,12,0
wheat,787,23,0
wheat,519,15,1
wheat,583,10,0
wheat,471,27,1
wheat,779,34,1
wheat,775,29,1
wheat,459,31,1
wheat,558,6,1
wheat,524,24,0
wheat,477,9,1
wheat,481,30,1
wheat,548,29,1
wheat,595,27,0
wheat,450,27,1
wheat,705,21,0
wheat,544,17,1
wheat,680,18,0
wheat,446,29,1
wheat,493,27,1
wheat,428,15,1
wheat,733,24,1
wheat,779,11,0
wheat,654,17,0
wheat,635,11,0
wheat,671,22,0
wheat,727,28,1
wheat,763,26,1
wheat,577,11,1
wheat,551,28,1
wheat,469,13,1
wheat,796,21,0
wheat,800,32,1
wheat,627,16,0
wheat,845,34,1
wheat,616,18,1
wheat,607,26,0
wheat,444,27,1
wheat,545,22,1
wheat,558,25,1
wheat,524,24,1
wheat,490,29,1
wheat,738,25,1
wheat,504,22,1
wheat,641,10,0
wheat,655,6,0
wheat,725,19,0
wheat,413,29,1
wheat,806,33,1
wheat,581,20,0
wheat,534,30,1
wheat,757,15,0
wheat,525,27,1
wheat,738,20,0
wheat,713,23,0
wheat,636,11,0
wheat,657,16,0
wheat,584,17,0
wheat,418,15,1
wheat,652,19,0
wheat,828,29,1
wheat,548,8,1
wheat,666,22,0
wheat,495,24,1
wheat,762,22,0
wheat,584,23,1
wheat,511,25,0
wheat,474,21,1
wheat,549,19,1
wheat,539,30,1
wheat,702,23,0
wheat,745,13,0
wheat,777,8,0
wheat,565,24,1
wheat,756,30,1
wheat,500,28,1
wheat,686,11,0
wheat,693,24,0
wheat,785,19,0
wheat,762,20,0
wheat,614,13,0
wheat,719,22,0
wheat,778,30,1
wheat,620,9,0
wheat,851,33,1
wheat,467,27,1
wheat,479,31,1
wheat,810,33,1
wheat,621,12,0
wheat,632,20,0
wheat,786,22,0
wheat,756,22,0
wheat,624,20,0
wheat,666,20,0
wheat,684,20,0
wheat,771,32,1
wheat,509,26,0
wheat,632,21,0
wheat,508,26,0
wheat,781,33,1
wheat,715,14,0
wheat,827,9,0
wheat,629,35,1
wheat,529,16,1
wheat,667,23,0
wheat,744,18,0
wheat,592,10,1
wheat,643,7,0
wheat,526,21,1
wheat,456,33,1
wheat,718,25,0
wheat,618,9,0
wheat,573,27,1
wheat,769,20,0
wheat,677,16,0
wheat,644,6,0
wheat,669,19,0
wheat,811,31,1
wheat,755,13,0
wheat,687,14,0
wheat,784,9,0
wheat,705,22,0
wheat,769,17,0
wheat,604,17,1
wheat,539,12,1
wheat,657,19,0
wheat,575,21,1
wheat,589,23,0
wheat,560,13,1
wheat,539,34,1
wheat,460,22,1
wheat,559,28,1
wheat,744,25,0
wheat,662,21,0
wheat,525,20,1
wheat,619,22,1
wheat,509,29,1
wheat,441,29,1
wheat,693,20,0
wheat,701,20,0
wheat,677,22,0
wheat,682,19,0
wheat,830,32,1
wheat,553,24,1
wheat,602,15,1
wheat,888,27,1
wheat,643,21,0
wheat,510,31,1
wheat,677,8,0
wheat,782,19,0
wheat,701,16,0
wheat,656,23,0
wheat,547,22,1
wheat,719,30,1
wheat,437,23,1
wheat,612,26,1
wheat,623,20,0
wheat,804,12,0
wheat,578,9,1
wheat,595,11,0
wheat,579,17,1
wheat,694,10,0
wheat,634,14,0
wheat,714,17,0
wheat,751,13,0
wheat,605,24,0
wheat,720,31,1
wheat,630,26,1
wheat,743,27,1
wheat,874,30,1
wheat,754,34,1
wheat,410,32,1
wheat,550,25,1
wheat,535,16,1
wheat,631,20,0
wheat,647,18,0
wheat,811,31,1
wheat,801,9,0
wheat,727,23,0
wheat,828,24,0
wheat,525,25,1
wheat,691,22,0
wheat,707,10,0
wheat,554,14,1
wheat,682,20,0
wheat,649,16,0
wheat,685,28,1
wheat,729,26,1
wheat,561,24,1
wheat,800,30,1
wheat,582,22,0
wheat,687,21,0
wheat,662,25,0
wheat,855,31,1
wheat,645,20,0
wheat,680,14,0
wheat,591,24,0
wheat,557,29,1
wheat,659,17,0
wheat,801,24,0
wheat,703,18,0
wheat,611,26,1
wheat,481,28,1
wheat,613,12,0
wheat,671,24,0
wheat,733,22,0
wheat,537,23,1
wheat,629,15,0
wheat,654,22,0
wheat,559,22,1
wheat,627,20,0
wheat,717,17,0
wheat,505,29,1
wheat,537,28,1
wheat,566,17,1
wheat,642,24,0
wheat,770,28,1
wheat,792,16,0
wheat,548,19,1
wheat,601,25,0
wheat,655,27,1
wheat,687,22,0
wheat,630,16,0
wheat,501,21,1
wheat,699,23,0
wheat,449,21,1
wheat,621,6,0
wheat,560,17,1
wheat,792,22,0
wheat,658,20,0
wheat,471,20,1
wheat,717,6,0
wheat,472,34,1
wheat,848,19,0
wheat,572,16,1
wheat,821,30,1
wheat,772,27,1
wheat,558,29,1
wheat,785,22,0
wheat,489,25,0
wheat,820,19,0
wheat,547,21,1
wheat,766,19,0
wheat,637,22,0
wheat,814,31,1
wheat,642,18,0
wheat,876,27,1
wheat,774,11,0
wheat,534,19,1
wheat,773,32,1
wheat,668,31,1
wheat,641,23,0
wheat,582,26,0
wheat,775,22,0
wheat,556,12,1
wheat,579,20,1
wheat,686,20,0
wheat,592,9,1
wheat,661,22,0
wheat,784,31,1
wheat,672,13,0
wheat,730,17,0
wheat,758,30,1
wheat,791,27,1
wheat,466,32,1
wheat,448,23,1
wheat,738,25,0
wheat,534,11,1
wheat,590,25,0
wheat,675,18,0
wheat,578,30,1
wheat,788,33,1
wheat,733,26,1
wheat,786,29,1
wheat,615,20,1
wheat,763,29,1
wheat,797,21,0
wheat,667,14,0
wheat,529,35,1
wheat,519,22,1
wheat,575,19,1
wheat,724,13,0
wheat,450,19,1
wheat,743,23,0
wheat,724,19,0
wheat,709,17,0
wheat,695,12,0
wheat,492,33,1
wheat,577,22,1
wheat,617,23,0
wheat,724,21,0
wheat,859,19,0
wheat,624,26,1
wheat,568,26,1
wheat,836,28,1
wheat,716,15,0
wheat,647,21,0
wheat,598,17,0
wheat,548,20,1
wheat,605,16,1
wheat,756,30,1
wheat,621,24,1
wheat,614,26,0
wheat,475,23,1
wheat,665,8,0
wheat,805,33,1
wheat,719,13,0
wheat,629,19,0
wheat,568,9,1
wheat,504,24,1
wheat,504,24,0
wheat,594,22,0
wheat,549,22,1
wheat,634,22,0
wheat,771,8,0
wheat,801,29,1
wheat,673,25,1
wheat,728,16,0
wheat,585,32,0
wheat,687,18,0
wheat,609,21,0
wheat,611,21,1
wheat,741,20,0
wheat,450,29,1
wheat,679,23,0
wheat,652,21,0
wheat,578,25,0
wheat,583,21,1
wheat,430,26,1
wheat,739,6,0
wheat,526,23,1
wheat,767,16,0
wheat,510,21,1
wheat,654,8,0
wheat,654,18,0
wheat,608,24,0
wheat,689,19,0
wheat,520,21,1
wheat,542,14,1
wheat,721,19,0
wheat,672,13,0
wheat,695,23,0
wheat,652,21,0
wheat,794,26,1
wheat,428,29,1
wheat,596,16,1
wheat,808,27,1
wheat,574,22,1
wheat,415,33,1
wheat,533,22,1
wheat,755,25,1
wheat,805,31,1
wheat,440,30,1
wheat,643,26,1
wheat,698,19,0
wheat,623,20,0
wheat,690,21,0
wheat,651,18,0
wheat,573,20,1
wheat,540,21,1
wheat,516,34,1
wheat,757,22,0
wheat,628,17,0
wheat,726,27,1
wheat,735,13,0
wheat,601,20,0
wheat,602,24,0
wheat,599,28,1
wheat,892,27,1
wheat,592,13,0
wheat,672,24,0
wheat,739,20,0
wheat,542,32,1
wheat,783,25,1
wheat,433,30,1
wheat,784,27,1
wheat,478,22,1
wheat,627,14,0
wheat,805,16,0
wheat,808,30,1
wheat,489,27,1
wheat,747,21,0
wheat,498,23,1
wheat,695,24,0
wheat,846,29,1
wheat,518,19,1
wheat,852,31,1
wheat,568,27,1
wheat,672,22,0
wheat,764,20,0
wheat,644,19,0
wheat,779,33,1
wheat,466,26,1
wheat,522,19,1
wheat,819,30,1
wheat,568,19,1
wheat,522,27,1
wheat,782,17,0
wheat,528,20,1
wheat,791,25,1
wheat,466,23,1
wheat,664,16,0
wheat,499,18,1
wheat,678,20,0
wheat,639,13,0
wheat,706,21,0
wheat,724,24,0
wheat,748,24,0
wheat,721,17,0
wheat,640,27,1
wheat,767,16,0
wheat,702,14,0
wheat,533,20,1
wheat,691,12,0
wheat,557,22,1
wheat,669,12,0
wheat,621,13,0
wheat,661,24,0
wheat,782,16,0
wheat,748,26,0
wheat,472,22,1
wheat,598,23,0
wheat,606,26,1
wheat,709,22,0
wheat,637,22,0
wheat,755,31,1
wheat,530,23,1
wheat,645,17,0
wheat,652,13,0
wheat,680,20,0
wheat,739,13,0
wheat,781,12,0
wheat,608,25,1
wheat,792,22,0
wheat,658,18,0
wheat,662,14,0
wheat,553,19,1
wheat,598,11,0
wheat,682,22,0
wheat,447,28,1
wheat,657,24,0
wheat,634,26,1
wheat,620,24,1
wheat,634,16,0
wheat,774,20,0
wheat,622,17,0
wheat,541,7,1
wheat,673,21,0
wheat,699,17,0
wheat,676,12,0
wheat,661,12,0
wheat,754,34,1
wheat,814,33,1
wheat,611,23,1
wheat,550,25,0
wheat,730,21,0
wheat,619,27,1
wheat,550,23,1
wheat,738,24,1
wheat,474,23,1
wheat,450,34,1
wheat,433,34,1
wheat,508,11,1
wheat,559,22,1
wheat,437,30,1
wheat,877,33,1
wheat,691,22,0
wheat,785,25,0
wheat,608,10,1
wheat,737,25,1
wheat,497,21,1
wheat,846,33,1
wheat,518,16,1
wheat,591,19,1
wheat,745,30,1
wheat,546,21,1
wheat,711,28,1
wheat,515,16,1
wheat,709,17,0
wheat,769,10,0
wheat,582,19,0
wheat,750,29,1
wheat,756,22,0
wheat,724,21,0
wheat,842,17,0
wheat,416,20,1
wheat,454,29,1
wheat,504,30,1
wheat,707,17,0
wheat,651,20,0
wheat,750,22,0
wheat,776,26,1
wheat,699,26,0
wheat,450,29,1
wheat,668,14,0
wheat,590,22,1
wheat,613,19,1
wheat,691,22,0
wheat,648,17,0
wheat,508,20,1
wheat,448,14,1
wheat,575,28,1
wheat,707,11,0
wheat,518,25,0
wheat,451,16,1
wheat,529,22,1
wheat,691,23,0
wheat,624,10,0
wheat,670,18,0
wheat,788,31,1
wheat,491,18,1
wheat,491,28,1
wheat,724,24,0
wheat,677,32,1
wheat,553,13,1
wheat,497,22,1
wheat,584,23,1
wheat,708,23,0
wheat,602,26,0
wheat,517,29,1
wheat,675,23,0
wheat,789,29,1
wheat,691,17,0
wheat,592,31,0
wheat,785,8,0
wheat,511,31,1
wheat,456,31,1
wheat,719,19,0
wheat,486,16,1
wheat,470,18,1
wheat,626,11,0
wheat,495,22,1
wheat,690,15,0
wheat,475,22,1
wheat,482,20,1
wheat,432,34,1
wheat,631,8,0
wheat,678,17,0
wheat,437,23,1
wheat,692,21,0
wheat,422,25,1
wheat,539,10,1
wheat,486,29,1
wheat,823,34,1
wheat,715,11,0
wheat,545,20,1
wheat,525,19,1
wheat,821,12,0
wheat,651,20,0
wheat,539,20,1
wheat,722,12,0
wheat,799,18,0
wheat,694,17,0
wheat,778,31,1
wheat,477,20,1
wheat,593,22,0
wheat,850,31,1
wheat,533,29,1
wheat,689,24,1
wheat,569,19,1
wheat,551,33,1
wheat,584,21,1
wheat,491,30,1
wheat,799,31,1
wheat,608,22,1
wheat,617,11,1
wheat,614,18,0
wheat,840,31,1
wheat,640,10,0
wheat,658,20,0
wheat,609,21,0
wheat,654,30,1
wheat,458,20,1
wheat,719,16,0
wheat,484,29,1
wheat,761,18,0
wheat,653,20,0
wheat,697,14,0
wheat,681,18,0
wheat,717,11,0
wheat,546,19,1
wheat,526,25,0
wheat,820,31,1
wheat,521,15,1
wheat,645,20,0
wheat,545,11,1
wheat,554,20,1
wheat,716,23,0
wheat,675,17,0
wheat,738,17,0
wheat,568,29,1
wheat,655,19,0
wheat,805,12,0
wheat,676,21,0
wheat,686,15,0
wheat,751,29,1
wheat,851,10,0
wheat,691,16,0
wheat,654,10,0
wheat,634,22,0
wheat,604,14,1
wheat,485,21,1
wheat,456,25,0
wheat,518,22,1
wheat,534,23,1
wheat,719,27,1
wheat,594,28,0
wheat,590,28,1
wheat,854,30,1
wheat,602,23,1
wheat,632,25,0
wheat,573,17,1
wheat,644,15,0
wheat,571,19,1
wheat,611,22,0
wheat,571,11,1
wheat,838,28,1
wheat,537,15,1
wheat,540,10,1
wheat,481,26,1
wheat,767,17,0
wheat,584,22,0
wheat,573,19,1
wheat,687,21,0
wheat,853,26,0
wheat,636,10,0
wheat,588,28,1
wheat,520,24,0
wheat,682,23,0
wheat,641,20,0
wheat,697,19,0
wheat,590,19,0
wheat,601,24,1
wheat,781,12,0
wheat,714,21,0
wheat,422,31,1
wheat,740,23,0
wheat,717,18,0
wheat,516,23,1
wheat,870,29,1
wheat,778,32,1
wheat,477,28,1
wheat,470,28,1
wheat,894,28,1
wheat,431,32,1
wheat,513,34,1
wheat,574,22,1
wheat,474,32,1
wheat,565,16,1
wheat,759,33,1
wheat,695,22,0
wheat,696,13,0
wheat,672,20,0
wheat,594,24,1
wheat,712,16,0
wheat,612,31,0
wheat,719,15,0
wheat,580,31,1
wheat,697,21,0
wheat,611,16,0
wheat,743,32,1
wheat,661,20,0
wheat,641,25,1
wheat,734,22,0
wheat,507,22,1
wheat,461,30,1
wheat,566,21,1
wheat,742,24,0
wheat,553,25,1
wheat,817,32,1
wheat,482,29,1
wheat,675,26,0
wheat,771,30,1
wheat,624,14,0
wheat,592,26,1
wheat,811,30,1
wheat,585,31,1
wheat,753,16,0
wheat,457,29,1
wheat,833,29,1
wheat,504,29,1
wheat,599,22,1
wheat,741,27,1
wheat,736,9,0
wheat,790,25,1
wheat,634,12,0
wheat,540,21,1
wheat,725,26,0
wheat,523,22,1
wheat,600,15,1
wheat,720,23,0
wheat,723,23,0
wheat,513,30,1
wheat,668,10,0
wheat,701,18,0
wheat,748,32,1
wheat,786,17,0
wheat,808,32,1
wheat,691,15,0
wheat,712,22,0
wheat,805,33,1
wheat,777,31,1
wheat,414,34,1
wheat,741,22,0
wheat,509,21,1
wheat,530,18,1
wheat,617,20,1
wheat,689,22,0
wheat,630,18,0
wheat,473,31,1
wheat,424,21,1
wheat,742,20,0
wheat,500,20,1
wheat,716,13,0
wheat,441,24,1
wheat,463,29,1
wheat,659,13,0
wheat,662,23,0
wheat,657,13,0
wheat,668,11,0
wheat,461,31,1
wheat,805,30,1
wheat,527,20,1
wheat,755,26,1
wheat,768,11,0
wheat,455,26,1
wheat,689,21,0
wheat,527,19,1
wheat,569,18,1
wheat,676,9,0
wheat,543,20,1
wheat,707,20,0
wheat,804,30,1
wheat,542,29,1
wheat,820,19,0
wheat,627,24,0
wheat,593,16,0
wheat,742,25,1
wheat,679,24,0
wheat,572,22,1
wheat,891,30,1
wheat,793,17,0
wheat,667,18,0
wheat,601,21,0
wheat,646,30,1
wheat,755,32,1
wheat,786,33,1
wheat,519,19,1
wheat,722,25,0
wheat,544,22,1
wheat,431,29,1
wheat,893,31,1
wheat,564,31,1
wheat,678,6,0
wheat,772,19,0
wheat,483,28,1
wheat,459,20,1
wheat,824,32,1
wheat,648,22,0
wheat,664,20,0
wheat,699,15,0
wheat,739,16,0
wheat,535,31,1
wheat,821,32,1
wheat,686,23,0
wheat,786,29,1
wheat,557,21,1
wheat,589,15,1
wheat,772,16,0
wheat,508,26,1
wheat,744,34,1
wheat,521,32,1
wheat,608,22,0
wheat,638,18,0
wheat,717,20,0
wheat,463,30,1
wheat,636,23,0
wheat,557,7,1
wheat,689,22,0
wheat,713,15,0
wheat,680,24,0
wheat,758,32,1
wheat,403,24,1
wheat,527,31,1
wheat,590,7,1
wheat,681,24,1
wheat,724,20,0
wheat,706,13,0
wheat,434,25,1
wheat,501,22,1
wheat,575,9,1
wheat,520,19,1
wheat,788,31,1
wheat,837,18,0
wheat,655,13,0
wheat,716,9,0
wheat,558,31,1
wheat,669,8,0
wheat,553,30,1
wheat,470,24,1
wheat,679,24,0
wheat,740,23,0
wheat,634,9,0
wheat,589,21,0
wheat,670,22,0
wheat,838,29,1
wheat,811,30,1
wheat,717,26,1
wheat,693,13,0
wheat,577,23,1
wheat,768,29,1
wheat,621,11,0
wheat,759,32,1
wheat,519,30,1
wheat,734,27,1
wheat,807,31,1
wheat,501,29,1
wheat,423,18,1
wheat,805,27,1
wheat,692,15,0
wheat,761,28,1
wheat,831,28,1
wheat,468,21,1
wheat,525,30,1
wheat,827,32,1
wheat,593,28,1
wheat,566,14,1
wheat,565,20,1
wheat,872,30,1
wheat,481,32,1
wheat,553,18,1
wheat,526,21,1
wheat,452,31,1
wheat,510,20,1
wheat,674,25,1
wheat,641,27,1
wheat,521,23,1
wheat,894,21,0
wheat,718,13,0
wheat,655,23,0
wheat,557,23,1
wheat,406,28,1
wheat,460,33,1
wheat,718,20,0
wheat,629,10,0
wheat,717,20,0
wheat,591,28,0
wheat,564,20,1
wheat,745,33,1
wheat,870,28,1
wheat,465,23,1
wheat,663,21,0
wheat,636,15,0
wheat,803,19,0
wheat,870,30,1
wheat,528,19,1
wheat,674,14,0
wheat,639,20,0
wheat,670,16,0
wheat,678,18,0
wheat,522,31,1
wheat,615,20,0
wheat,701,31,1
wheat,648,20,0
wheat,515,30,1
wheat,478,33,1
wheat,646,27,1
wheat,649,14,0
wheat,760,30,1
wheat,703,20,0
wheat,730,24,0
wheat,581,25,0
wheat,584,21,1
wheat,635,21,0
wheat,430,21,1
wheat,677,17,0
wheat,691,15,0
wheat,597,10,1
wheat,653,20,0
wheat,529,30,1
wheat,644,27,1
wheat,646,17,0
wheat,822,25,0
wheat,673,25,0
wheat,516,24,1
wheat,654,12,0
wheat,879,33,1
wheat,684,24,1
wheat,741,17,0
wheat,676,23,0
wheat,861,18,0
wheat,606,21,1
wheat,732,18,0
wheat,778,30,1
wheat,454,27,1
wheat,590,21,0
wheat,625,8,0
wheat,817,27,1
wheat,607,9,0
wheat,546,26,1
wheat,611,23,0
wheat,724,21,0
wheat,860,30,1
wheat,538,24,1
wheat,594,13,1
wheat,737,27,1
wheat,775,30,1
wheat,591,6,0
wheat,633,24,1
wheat,530,29,1
wheat,605,9,0
wheat,564,9,1
wheat,727,24,0
wheat,541,35,1
wheat,517,22,1
wheat,833,26,1
wheat,571,24,1
wheat,681,6,0
wheat,560,31,1
wheat,794,28,1
wheat,792,25,0
wheat,842,29,1
wheat,511,19,1
wheat,836,32,1
wheat,876,27,1
wheat,649,6,0
wheat,554,25,0
wheat,706,21,0
wheat,557,33,1
wheat,774,35,1
wheat,709,6,0
wheat,707,21,0
wheat,517,27,1
wheat,475,29,1
wheat,607,26,1
wheat,544,32,1
wheat,527,32,1
wheat,687,14,0
wheat,726,12,0
wheat,743,25,0
wheat,499,33,1
wheat,598,21,0
wheat,744,30,1
wheat,466,20,1
wheat,636,19,0
wheat,457,31,1
wheat,552,31,1
wheat,815,22,0
wheat,595,20,1
wheat,717,17,0
wheat,615,17,0
wheat,621,20,0
wheat,605,18,1
wheat,797,32,1
wheat,609,21,0
wheat,796,24,0
wheat,691,8,0
wheat,842,30,1
wheat,451,19,1
wheat,489,31,1
wheat,839,34,1
wheat,575,21,1
wheat,787,27,1
wheat,697,19,0
wheat,676,20,0
wheat,622,23,0
wheat,501,26,0
wheat,620,21,0
wheat,694,25,0
wheat,603,23,0
wheat,664,14,0
wheat,862,18,0
wheat,723,31,1
wheat,502,11,1
wheat,632,13,0
wheat,622,21,0
wheat,705,12,0
wheat,501,31,1
wheat,667,18,0
wheat,595,17,0
wheat,542,22,1
wheat,738,20,0
wheat,551,16,1
wheat,550,21,1
wheat,649,20,0
wheat,560,32,1
wheat,539,22,1
wheat,629,18,0
wheat,828,20,0
wheat,464,26,1
wheat,557,24,1
wheat,570,20,1
wheat,825,13,0
wheat,678,21,0
wheat,494,23,1
wheat,824,13,0
wheat,591,11,1
wheat,805,29,1
wheat,659,14,0
wheat,563,21,1
wheat,418,23,1
wheat,795,30,1
wheat,550,28,1
wheat,706,21,0
wheat,681,19,0
wheat,772,34,1
wheat,893,10,0
wheat,529,30,1
wheat,876,30,1
wheat,467,34,1
wheat,861,18,0
wheat,510,9,1
wheat,653,25,0
wheat,629,22,0
wheat,495,33,1
wheat,637,10,0
wheat,529,24,1
wheat,427,20,1
wheat,540,16,1
wheat,506,23,1
wheat,468,31,1
wheat,638,30,1
wheat,615,19,1
wheat,688,26,0
wheat,685,20,0
wheat,687,22,0
wheat,751,24,0
wheat,620,21,0
wheat,873,28,1
wheat,524,14,1
wheat,690,21,0
wheat,471,26,1
wheat,673,29,1
wheat,780,26,1
wheat,629,20,0
wheat,617,23,1
wheat,563,33,1
wheat,630,20,0
wheat,614,33,1
wheat,793,31,1
wheat,606,21,1
wheat,779,32,1
wheat,606,24,0
wheat,743,6,0
wheat,586,20,0
wheat,689,24,1
wheat,548,14,1
wheat,639,23,0
wheat,796,29,1
wheat,575,11,1
wheat,483,22,1
wheat,528,32,1
wheat,583,11,1
wheat,684,23,0
wheat,790,28,1
wheat,632,27,1
wheat,789,27,1
wheat,405,32,1
wheat,833,30,1
wheat,815,17,0
wheat,873,34,1
wheat,793,27,1
wheat,512,8,1
wheat,533,21,1
wheat,623,19,0
wheat,407,26,1
wheat,888,19,0
wheat,495,14,1
wheat,527,24,1
wheat,792,31,1
wheat,646,11,0
wheat,669,24,0
wheat,474,14,1
wheat,745,30,1
wheat,813,13,0
wheat,672,25,1
wheat,730,24,0
wheat,656,22,0
wheat,749,17,0
wheat,750,16,0
wheat,594,22,1
wheat,608,22,1
wheat,677,13,0
wheat,449,22,1
wheat,485,35,1
wheat,855,30,1
wheat,603,12,0
wheat,530,24,0
wheat,653,23,0
wheat,685,8,0
wheat,575,24,1
wheat,689,27,1
wheat,555,28,1
wheat,670,28,1
wheat,497,31,1
wheat,495,30,1
wheat,437,30,1
wheat,682,26,1
wheat,487,16,1
wheat,584,32,0
wheat,594,20,0
wheat,788,31,1
wheat,418,32,1
wheat,520,24,0
wheat,666,25,1
wheat,723,28,1
wheat,568,20,1
wheat,519,25,0
wheat,705,22,0
wheat,647,24,0
wheat,554,9,1
wheat,561,31,1
wheat,661,20,0
wheat,598,21,1
wheat,665,21,0
wheat,642,26,1
wheat,654,22,0
wheat,426,28,1
wheat,850,30,1
wheat,677,17,0
wheat,814,27,1
wheat,441,26,0
wheat,829,31,1
wheat,826,26,1
wheat,759,21,0
wheat,603,13,1
wheat,681,20,0
wheat,483,31,1
wheat,743,19,0
wheat,815,32,1
wheat,669,24,0
wheat,817,28,1
wheat,477,22,1
wheat,609,19,0
wheat,607,23,1
wheat,612,20,1
wheat,765,35,1
wheat,466,18,1
wheat,458,19,1
wheat,800,32,1
wheat,559,21,1
wheat,544,31,1
wheat,505,9,1
wheat,523,28,1
wheat,578,23,1
wheat,843,14,0
wheat,875,30,1
wheat,609,25,0
wheat,508,26,1
wheat,749,33,1
wheat,729,21,0
wheat,560,23,1
wheat,640,18,0
wheat,648,22,0
wheat,625,15,0
wheat,552,23,1
wheat,661,23,0
wheat,578,12,1
wheat,724,15,0
wheat,563,19,1
wheat,687,11,0
wheat,672,17,0
wheat,619,21,0
wheat,539,16,1
wheat,568,30,1
wheat,608,27,1
wheat,612,24,0
wheat,778,29,1
wheat,614,13,1
wheat,533,26,1
wheat,650,22,0
wheat,811,23,0
wheat,861,30,1
wheat,588,16,1
wheat,523,25,1
wheat,431,27,1
wheat,668,23,0
wheat,602,14,0
wheat,713,14,0
wheat,661,13,0
wheat,695,23,0
wheat,650,16,0
wheat,554,25,0
wheat,775,31,1
wheat,521,24,0
wheat,426,33,1
wheat,564,34,1
wheat,558,31,1
wheat,803,16,0
wheat,746,29,1
wheat,529,23,1
wheat,613,21,0
wheat,806,29,1
wheat,684,8,0
wheat,653,22,0
wheat,666,14,0
wheat,682,19,0
wheat,470,19,1
wheat,408,30,1
wheat,597,29,0
wheat,507,19,1
wheat,698,21,0
wheat,823,29,1
wheat,653,17,0
wheat,792,24,0
wheat,622,17,0
wheat,510,14,1
wheat,617,18,0
wheat,704,23,0
wheat,486,29,1
wheat,807,13,0
wheat,536,28,1
wheat,572,21,1
wheat,710,21,0
wheat,542,17,1
wheat,836,26,1
wheat,642,23,0
wheat,666,24,0
wheat,620,22,0
wheat,625,16,0
wheat,474,31,1
wheat,463,23,1
wheat,790,27,1
wheat,851,23,0
wheat,679,12,0
wheat,609,24,1
wheat,688,6,0
wheat,504,30,1
wheat,594,25,1
wheat,813,26,1
wheat,717,14,0
wheat,606,23,0
wheat,583,17,1
wheat,621,19,0
wheat,688,24,0
wheat,450,19,1
wheat,832,33,1
wheat,621,26,1
wheat,785,19,0
wheat,555,19,1
wheat,552,13,1
wheat,678,8,0
wheat,641,18,0
wheat,650,19,0
wheat,625,11,0
wheat,703,8,0
wheat,681,13,0
wheat,631,23,0
wheat,577,15,1
wheat,581,15,0
wheat,536,22,1
wheat,575,17,1
wheat,735,34,1
wheat,545,25,0
wheat,469,31,1
wheat,516,23,1
wheat,671,20,0
wheat,831,30,1
wheat,603,22,0
wheat,810,28,1
wheat,478,20,1
wheat,786,19,0
wheat,521,28,1
wheat,679,12,0
wheat,463,31,1
wheat,513,18,1
wheat,796,28,1
wheat,595,23,0
wheat,732,23,0
wheat,661,19,0
wheat,491,19,1
wheat,519,30,1
wheat,535,27,1
wheat,532,26,0
wheat,410,27,1
wheat,605,20,1
wheat,604,17,0
wheat,672,22,0
wheat,702,15,0
wheat,551,25,0
wheat,756,20,0
wheat,597,16,0
wheat,626,16,0
wheat,799,17,0
wheat,515,24,1
wheat,732,30,1
wheat,680,23,0
wheat,736,21,0
wheat,509,23,1
wheat,515,31,1
wheat,519,34,1
wheat,677,21,0
wheat,696,24,0
wheat,678,21,0
wheat,657,17,0
wheat,789,32,1
wheat,467,26,1
wheat,532,11,1
wheat,777,34,1
wheat,749,19,0
wheat,511,19,1
wheat,471,24,1
wheat,726,22,0
wheat,447,32,1
wheat,614,17,0
wheat,466,25,1
wheat,595,14,1
wheat,528,25,1
wheat,554,29,1
wheat,589,24,0
wheat,843,32,1
wheat,543,20,1
wheat,793,22,0
wheat,784,30,1
wheat,424,24,1
wheat,773,26,1
wheat,496,32,1
wheat,568,22,1
wheat,833,29,1
wheat,559,12,1
wheat,614,11,0
wheat,782,25,1
wheat,773,30,1
wheat,656,11,0
wheat,681,14,0
wheat,710,20,0
wheat,692,18,0
wheat,714,19,0
wheat,627,27,1
wheat,642,23,0
wheat,651,14,0
wheat,722,28,1
wheat,473,28,1
wheat,742,24,0
wheat,469,14,1
wheat,710,18,0
wheat,699,19,0
wheat,567,21,1
wheat,669,13,0
wheat,651,21,0
wheat,515,31,1
wheat,772,23,0
wheat,493,30,1
wheat,586,22,0
wheat,580,19,0
wheat,621,15,0
wheat,727,25,1
wheat,799,29,1
wheat,480,30,1
wheat,400,30,1
wheat,433,23,1
wheat,533,23,1
wheat,604,30,0
wheat,513,29,1
wheat,489,33,1
wheat,568,21,1
wheat,603,29,1
wheat,524,14,1
wheat,624,21,0
wheat,862,32,1
wheat,463,23,1
wheat,756,13,0
wheat,503,28,1
wheat,820,32,1
wheat,614,26,0
wheat,683,13,0
wheat,458,28,1
wheat,789,21,0
wheat,556,22,1
wheat,777,24,0
wheat,631,17,0
wheat,582,33,1
wheat,675,20,0
wheat,803,33,1
wheat,516,33,1
wheat,442,32,1
wheat,701,20,0
wheat,556,24,1
wheat,525,25,1
wheat,616,16,1
wheat,707,19,0
wheat,797,28,1
wheat,667,16,0
wheat,791,12,0
wheat,530,32,1
wheat,817,31,1
wheat,652,6,0
wheat,781,31,1
wheat,750,34,1
wheat,683,19,0
wheat,492,24,0
wheat,769,30,1
wheat,710,20,0
wheat,578,21,1
wheat,585,17,0
wheat,690,24,0
wheat,639,28,1
wheat,608,16,0
wheat,653,22,0
wheat,662,20,0
wheat,637,19,0
wheat,546,31,1
wheat,688,12,0
wheat,698,15,0
wheat,714,25,0
wheat,776,29,1
wheat,405,23,1
wheat,677,22,0
wheat,717,30,1
wheat,634,22,0
wheat,592,26,0
wheat,530,35,1
wheat,736,26,1
wheat,742,8,0
wheat,757,28,1
wheat,543,26,1
wheat,714,13,0
wheat,552,15,1
wheat,511,32,1
wheat,649,26,0
wheat,616,15,1
wheat,700,21,0
wheat,799,7,0
wheat,649,22,0
wheat,546,24,1
wheat,841,18,0
wheat,540,20,1
wheat,868,31,1
wheat,705,21,0
wheat,651,28,1
wheat,487,13,1
wheat,825,25,1
wheat,604,22,0
wheat,638,7,0
wheat,582,24,1
wheat,868,26,1
wheat,571,20,1
wheat,551,24,1
wheat,470,13,1
wheat,536,33,1
wheat,781,13,0
wheat,542,24,0
wheat,882,30,1
wheat,579,17,1
wheat,747,23,0
wheat,613,20,0
wheat,636,25,0
wheat,700,15,0
wheat,720,20,0
wheat,853,29,1
wheat,488,20,1
wheat,581,27,0
wheat,849,31,1
wheat,461,19,1
wheat,571,27,1
wheat,719,21,0
wheat,652,25,1
wheat,512,29,1
wheat,483,28,1
wheat,633,12,0
wheat,591,21,0
wheat,695,8,0
wheat,490,26,1
wheat,730,17,0
wheat,684,18,0
wheat,522,29,1
wheat,400,20,1
wheat,869,20,0
wheat,538,23,1
wheat,740,20,0
wheat,556,22,1
wheat,687,18,0
wheat,543,29,1
wheat,493,17,1
wheat,436,19,1
wheat,415,20,1
wheat,588,9,0
wheat,710,25,1
wheat,712,29,1
wheat,657,15,0
wheat,573,22,1
wheat,817,30,1
wheat,741,27,1
wheat,485,22,1
wheat,488,17,1
wheat,434,28,1
wheat,492,28,1
wheat,708,17,0
wheat,700,28,1
wheat,458,30,1
wheat,678,12,0
wheat,552,26,1
wheat,558,23,1
wheat,558,23,1
wheat,786,31,1
wheat,751,27,1
wheat,765,21,0
wheat,739,14,0
wheat,618,25,1
wheat,649,16,0
wheat,693,13,0
wheat,509,23,1
wheat,534,21,1
wheat,624,22,0
wheat,501,12,1
wheat,519,22,1
wheat,482,27,1
wheat,513,30,1
wheat,686,18,0
wheat,834,20,0
wheat,562,23,1
wheat,708,18,0
wheat,528,18,1
wheat,722,23,0
wheat,650,19,0
wheat,514,21,1
wheat,666,18,0
wheat,504,20,1
wheat,648,19,0
wheat,696,24,1
wheat,613,23,0
wheat,492,26,1
wheat,791,29,1
wheat,676,19,0
wheat,732,25,1
wheat,841,32,1
wheat,459,30,1
wheat,831,29,1
wheat,493,24,1
wheat,432,28,1
wheat,701,28,1
wheat,780,27,1
wheat,619,23,0
wheat,584,21,0
wheat,515,31,1
wheat,574,26,1
wheat,878,25,0
wheat,488,27,1
wheat,736,22,0
wheat,437,23,1
wheat,800,32,1
wheat,455,22,1
wheat,848,28,1
wheat,515,12,1
wheat,539,29,1
wheat,823,32,1
wheat,519,18,1
wheat,808,30,1
wheat,567,12,1
wheat,604,17,1
wheat,570,27,1
wheat,652,11,0
wheat,709,25,1
wheat,627,23,0
wheat,607,20,1
wheat,468,26,1
wheat,422,25,0
wheat,427,21,1
wheat,621,18,0
wheat,554,30,1
wheat,725,22,0
wheat,518,8,1
wheat,606,25,1
wheat,740,17,0
wheat,557,22,1
wheat,671,24,0
wheat,533,23,1
wheat,586,16,1
wheat,744,23,0
wheat,523,30,1
wheat,832,25,0
wheat,687,8,0
wheat,536,29,1
wheat,582,12,0
wheat,474,27,1
wheat,779,29,1
wheat,870,28,1
wheat,746,22,0
wheat,642,19,0
wheat,504,29,1
wheat,740,22,0
wheat,630,22,0
wheat,558,21,1
wheat,449,29,1
wheat,458,29,1
wheat,720,9,0
wheat,750,29,1
wheat,653,16,0
wheat,769,32,1
wheat,639,18,0
wheat,756,31,1
wheat,451,15,1
wheat,674,20,0
wheat,450,20,1
wheat,567,24,1
wheat,651,27,1
wheat,787,31,1
wheat,683,24,0
wheat,701,25,1
wheat,531,18,1
wheat,774,31,1
wheat,522,19,1
wheat,660,19,0
wheat,711,9,0
wheat,847,32,1
wheat,470,28,1
wheat,459,23,1
wheat,781,15,0
wheat,465,28,1
wheat,616,18,0
wheat,679,20,0
wheat,737,28,1
wheat,512,19,1
wheat,488,18,1
wheat,834,32,1
wheat,467,27,1
wheat,541,15,1
wheat,718,31,1
wheat,525,13,1
wheat,416,28,1
wheat,429,22,1
wheat,650,16,0
wheat,719,22,0
wheat,683,28,1
wheat,475,27,1
wheat,584,31,0
wheat,556,29,1
wheat,695,19,0
wheat,538,17,1
wheat,674,9,0
wheat,641,14,0
wheat,828,23,0
wheat,518,25,0
wheat,799,33,1
wheat,427,21,1
wheat,551,23,1
wheat,441,35,1
wheat,461,27,1
wheat,621,26,1
wheat,594,28,1
wheat,578,15,1
wheat,839,28,1
wheat,500,28,1
wheat,663,6,0
wheat,513,11,1
wheat,699,10,0
wheat,430,31,1
wheat,693,23,0
wheat,763,27,1
wheat,670,23,0
wheat,661,20,0
wheat,752,21,0
wheat,451,30,1
wheat,455,32,1
wheat,766,29,1
wheat,498,22,1
wheat,788,34,1
wheat,482,19,1
wheat,792,26,1
wheat,531,29,1
wheat,517,19,1
wheat,614,17,1
wheat,475,25,0
wheat,693,20,0
wheat,740,10,0
wheat,667,15,0
wheat,459,33,1
wheat,533,18,1
wheat,685,22,0
wheat,760,30,1
wheat,720,14,0
wheat,555,31,1
wheat,685,20,0
wheat,821,30,1
wheat,565,25,1
wheat,603,20,0
wheat,494,26,1
wheat,542,21,1
wheat,676,18,0
wheat,699,23,0
wheat,669,26,0
wheat,827,32,1
wheat,418,32,1
wheat,806,20,0
wheat,804,26,1
wheat,639,7,0
wheat,533,21,1
wheat,743,25,1
wheat,591,30,0
wheat,658,13,0
wheat,815,20,0
wheat,629,23,0
wheat,589,31,1
wheat,545,14,1
wheat,514,29,1
wheat,746,21,0
wheat,634,15,0
wheat,656,25,1
wheat,667,12,0
wheat,792,13,0
wheat,792,16,0
wheat,642,31,1
wheat,603,30,1
wheat,799,11,0
wheat,619,17,0
wheat,823,28,1
wheat,628,23,0
wheat,598,22,0
wheat,800,32,1
wheat,753,30,1
wheat,830,30,1
wheat,479,24,0
wheat,563,23,1
wheat,628,24,1
wheat,485,33,1
wheat,719,10,0
wheat,498,32,1
wheat,697,18,0
wheat,564,22,1
wheat,648,17,0
wheat,749,35,1
wheat,624,23,0
wheat,544,30,1
wheat,505,11,1
wheat,646,19,0
wheat,550,31,1
wheat,678,21,0
wheat,814,31,1
wheat,491,26,1
wheat,549,17,1
wheat,551,11,1
wheat,623,24,1
wheat,566,20,1
wheat,708,25,1
wheat,631,24,1
wheat,586,26,1
wheat,463,29,1
wheat,662,23,0
wheat,737,21,0
wheat,671,23,0
wheat,728,21,0
wheat,457,23,1
wheat,648,20,0
wheat,726,23,0
wheat,516,22,1
wheat,557,23,1
wheat,523,28,1
wheat,698,14,0
wheat,799,12,0
wheat,674,14,0
wheat,623,18,0
wheat,645,22,0
wheat,607,26,1
wheat,531,26,1
wheat,560,32,1
wheat,719,20,0
wheat,576,25,1
wheat,441,30,1
wheat,447,14,1
wheat,406,30,1
wheat,647,22,0
wheat,744,29,1
wheat,531,10,1
wheat,578,17,1
wheat,455,20,1
wheat,636,16,0
wheat,568,23,1
wheat,768,24,0
wheat,579,12,1
wheat,624,25,1
wheat,434,28,1
wheat,749,32,1
wheat,484,28,1
wheat,514,20,1
wheat,603,22,1
wheat,612,32,1
wheat,592,27,1
wheat,461,29,1
wheat,684,23,0
wheat,648,12,0
wheat,829,19,0
wheat,672,13,0
wheat,714,14,0
wheat,630,20,0
wheat,604,23,1
wheat,538,13,1
wheat,488,23,1
wheat,649,22,0
wheat,518,31,1
wheat,629,24,0
wheat,805,31,1
wheat,689,16,0
wheat,786,29,1
wheat,481,32,1
wheat,811,31,1
wheat,545,31,1
wheat,605,22,1
wheat,488,30,1
wheat,687,9,0
wheat,657,19,0
wheat,704,11,0
wheat,614,15,0
wheat,595,28,0
wheat,625,19,0
wheat,628,16,0
wheat,680,20,0
wheat,534,23,1
wheat,693,15,0
wheat,457,13,1
wheat,700,15,0
wheat,571,33,1
wheat,796,25,0
wheat,735,16,0
wheat,599,23,0
wheat,534,30,1
wheat,669,17,0
wheat,613,14,1
wheat,653,22,0
wheat,725,22,0
wheat,475,31,1
wheat,699,16,0
wheat,809,30,1
wheat,657,21,0
wheat,731,23,0
wheat,561,11,1
wheat,602,14,1
wheat,614,14,0
wheat,807,30,1
wheat,518,27,1
wheat,579,21,1
wheat,582,25,1
wheat,623,23,0
wheat,650,12,0
wheat,748,22,0
wheat,691,12,0
wheat,632,14,0
wheat,879,32,1
wheat,596,17,0
wheat,884,32,1
wheat,489,30,1
wheat,476,18,1
wheat,607,20,1
wheat,435,28,1
wheat,646,20,0
wheat,677,25,0
wheat,884,25,1
wheat,617,15,1
wheat,538,30,1
wheat,655,18,0
wheat,644,34,1
wheat,663,23,0
wheat,529,19,1
wheat,598,30,1
wheat,589,17,1
wheat,459,33,1
wheat,703,11,0
wheat,470,25,0
wheat,709,23,0
wheat,593,9,1
wheat,592,32,0
wheat,582,22,0
wheat,659,23,0
wheat,772,21,0
wheat,673,22,0
wheat,484,20,1
wheat,793,22,0
wheat,802,34,1
wheat,679,22,0
wheat,718,13,0
wheat,596,24,0
wheat,722,28,1
wheat,781,10,0
wheat,420,31,1
wheat,801,31,1
wheat,780,31,1
wheat,679,26,1
wheat,544,29,1
wheat,410,20,1
wheat,674,20,0
wheat,641,15,0
wheat,526,29,1
wheat,701,18,0
wheat,546,22,1
wheat,562,18,1
wheat,692,16,0
wheat,607,13,1
wheat,597,9,0
wheat,573,19,1
wheat,554,21,1
wheat,698,20,0
wheat,520,19,1
wheat,556,24,1
wheat,729,15,0
wheat,743,17,0
wheat,531,24,1
wheat,499,29,1
wheat,503,27,1
wheat,750,19,0
wheat,653,8,0
wheat,531,25,0
wheat,856,34,1
wheat,622,14,0
wheat,499,31,1
wheat,530,20,1
wheat,758,19,0
wheat,721,15,0
wheat,566,19,1
wheat,844,32,1
wheat,556,12,1
wheat,722,26,1
wheat,598,31,0
wheat,514,21,1
wheat,490,29,1
wheat,469,27,1
wheat,532,18,1
wheat,704,27,1
wheat,533,15,1
wheat,458,18,1
wheat,735,19,0
wheat,836,29,1
wheat,665,12,0
wheat,495,31,1
wheat,488,32,1
wheat,580,20,1
wheat,621,20,0
wheat,558,29,1
wheat,752,27,1
wheat,419,30,1
wheat,572,19,1
wheat,738,13,0
wheat,831,31,1
wheat,657,16,0
wheat,606,17,1
wheat,683,23,0
wheat,815,33,1
wheat,531,18,1
wheat,596,27,1
wheat,534,21,1
wheat,800,24,0
wheat,545,6,1
wheat,522,29,1
wheat,773,31,1
wheat,557,20,1
wheat,658,21,0
wheat,510,16,1
wheat,510,23,1
wheat,622,21,0
wheat,556,31,1
wheat,712,24,0
wheat,626,27,1
wheat,626,17,0
wheat,680,24,0
wheat,560,30,1
wheat,785,32,1
wheat,485,22,1
wheat,513,30,1
wheat,725,12,0
wheat,654,21,0
wheat,851,28,1
wheat,636,25,0
wheat,593,15,0
wheat,706,29,1
wheat,609,22,0
wheat,463,30,1
wheat,577,10,1
wheat,683,12,0
wheat,750,16,0
wheat,781,29,1
wheat,723,27,1
wheat,721,8,0
wheat,840,30,1
wheat,564,22,1
wheat,581,14,0
wheat,572,23,1
wheat,712,31,1
wheat,614,23,0
wheat,537,17,1
wheat,654,12,0
wheat,558,25,0
wheat,890,27,1
wheat,699,16,0
wheat,653,15,0
wheat,626,20,0
wheat,554,19,1
wheat,753,29,1
wheat,646,23,0
wheat,767,10,0
wheat,675,18,0
wheat,531,30,1
wheat,628,25,0
wheat,429,25,0
wheat,495,31,1
wheat,828,29,1
wheat,556,23,1
wheat,516,18,1
wheat,434,20,1
wheat,485,21,1
wheat,684,19,0
wheat,586,17,1
wheat,632,20,0
wheat,640,17,0
wheat,437,23,1
wheat,515,9,1
wheat,759,33,1
wheat,544,15,1
wheat,465,22,1
wheat,842,33,1
wheat,684,14,0
wheat,507,31,1
wheat,524,25,1
wheat,548,20,1
wheat,671,20,0
wheat,505,27,1
wheat,606,24,1
wheat,828,32,1
wheat,491,30,1
wheat,707,22,0
wheat,642,25,1
wheat,422,31,1
wheat,515,27,1
wheat,660,23,0
wheat,686,16,0
wheat,550,21,1
wheat,469,27,1
wheat,591,21,0
wheat,755,29,1
wheat,545,17,1
wheat,551,11,1
wheat,804,32,1
wheat,632,12,0
wheat,503,33,1
wheat,888,32,1
wheat,683,15,0
wheat,747,12,0
wheat,800,26,0
wheat,596,9,1
wheat,615,20,0
wheat,649,16,0
wheat,614,20,1
wheat,533,27,1
wheat,644,10,0
wheat,634,18,0
wheat,606,24,0
wheat,506,26,1
wheat,428,23,1
wheat,411,21,1
wheat,730,24,0
wheat,795,21,0
wheat,637,16,0
wheat,625,26,1
wheat,804,30,1
wheat,648,23,0
wheat,782,15,0
wheat,565,25,0
wheat,815,32,1
wheat,589,22,1
wheat,602,18,1
wheat,746,33,1
wheat,752,22,0
wheat,839,31,1
wheat,569,23,1
wheat,514,28,1
wheat,679,15,0
wheat,531,24,1
wheat,497,23,1
wheat,712,22,0
wheat,438,34,1
wheat,443,28,1
wheat,492,26,1
wheat,463,29,1
wheat,590,19,0
wheat,697,20,0
wheat,772,14,0
wheat,559,30,1
wheat,554,19,1
wheat,663,18,0
wheat,813,32,1
wheat,522,32,1
wheat,520,29,1
wheat,546,22,1
wheat,728,26,1
wheat,800,30,1
wheat,748,31,1
wheat,794,29,1
wheat,698,20,0
wheat,564,19,1
wheat,759,19,0
wheat,582,18,0
wheat,524,31,1
wheat,573,11,1
wheat,617,18,1
wheat,615,18,0
wheat,756,10,0
wheat,811,28,1
wheat,564,28,1
wheat,631,25,0
wheat,510,15,1
wheat,773,31,1
wheat,522,26,1
wheat,798,30,1
wheat,746,30,1
wheat,478,30,1
wheat,648,20,0
wheat,658,22,0
wheat,667,11,0
wheat,768,26,0
wheat,726,26,0
wheat,731,16,0
wheat,513,29,1
wheat,633,17,0
wheat,785,31,1
wheat,653,23,0
wheat,492,13,1
wheat,752,27,1
wheat,482,26,1
wheat,626,23,0
wheat,827,30,1
wheat,624,15,0
wheat,790,16,0
wheat,529,23,1
wheat,464,33,1
wheat,681,26,0
wheat,742,15,0
wheat,563,13,1
wheat,567,17,1
wheat,821,30,1
wheat,844,27,1
wheat,715,15,0
wheat,743,12,0
wheat,442,30,1
wheat,764,29,1
wheat,870,27,1
wheat,717,21,0
wheat,547,21,1
wheat,667,17,0
wheat,651,24,0
wheat,518,29,1
wheat,597,21,1
wheat,835,35,1
wheat,579,19,1
wheat,424,23,1
wheat,514,30,1
wheat,805,33,1
wheat,445,25,1
wheat,611,22,0
wheat,584,8,1
wheat,786,34,1
wheat,853,30,1
wheat,528,12,1
wheat,737,20,0
wheat,678,21,0
wheat,673,17,0
wheat,561,19,1
wheat,669,12,0
wheat,764,25,0
wheat,712,19,0
wheat,562,28,1
wheat,526,19,1
wheat,587,20,0
wheat,568,18,1
wheat,504,21,1
wheat,784,27,1
wheat,757,29,1
wheat,712,11,0
wheat,432,31,1
wheat,666,25,1
wheat,681,16,0
wheat,779,26,1
wheat,553,30,1
wheat,868,28,1
wheat,514,33,1
wheat,801,28,1
wheat,496,19,1
wheat,849,29,1
wheat,722,12,0
wheat,664,13,0
wheat,510,31,1
wheat,765,32,1
wheat,734,21,0
wheat,561,18,1
wheat,677,18,0
wheat,719,25,1
wheat,719,31,1
wheat,722,14,0
wheat,494,26,0
wheat,508,17,1
wheat,638,21,0
wheat,611,23,1
wheat,752,6,0
wheat,494,29,1
wheat,850,28,1
wheat,767,13,0
wheat,408,34,1
wheat,664,15,0
wheat,562,12,1
wheat,515,22,1
wheat,741,22,0
wheat,636,17,0
wheat,445,26,0
wheat,748,18,0
wheat,564,14,1
wheat,599,19,1
wheat,577,15,1
wheat,525,23,1
wheat,780,17,0
wheat,481,29,1
wheat,582,27,1
wheat,593,22,0
wheat,450,24,1
wheat,661,24,0
wheat,534,15,1
wheat,676,18,0
wheat,859,34,1
wheat,811,22,0
wheat,602,10,1
wheat,681,13,0
wheat,595,17,0
wheat,658,23,0
wheat,676,16,0
wheat,760,29,1
wheat,713,8,0
wheat,500,16,1
wheat,668,15,0
wheat,594,29,1
wheat,537,25,0
wheat,594,8,1
wheat,520,27,1
wheat,676,23,0
wheat,511,18,1
wheat,732,8,0
wheat,632,24,0
wheat,647,20,0
wheat,633,25,0
wheat,705,17,0
wheat,498,34,1
wheat,494,27,1
wheat,564,28,1
wheat,665,15,0
wheat,521,19,1
wheat,828,28,1
wheat,533,27,1
wheat,575,24,1
wheat,699,32,1
wheat,514,19,1
wheat,503,19,1
wheat,538,20,1
wheat,559,19,1
wheat,660,22,0
wheat,755,20,0
wheat,559,22,1
wheat,529,22,1
wheat,611,21,1
wheat,635,27,1
wheat,735,30,1
wheat,689,21,0
wheat,492,29,1
wheat,660,16,0
wheat,651,13,0
wheat,870,20,0
wheat,475,30,1
wheat,854,31,1
wheat,562,9,1
wheat,807,33,1
wheat,452,29,1
wheat,766,28,1
wheat,659,21,0
wheat,789,27,1
wheat,679,14,0
wheat,675,23,0
wheat,525,18,1
wheat,476,24,1
wheat,403,21,1
wheat,401,34,1
wheat,636,22,0
wheat,638,22,0
wheat,666,23,0
wheat,730,28,1
wheat,617,17,0
wheat,736,19,0
wheat,512,19,1
wheat,636,22,0
wheat,537,20,1
wheat,510,31,1
wheat,654,16,0
wheat,508,27,1
wheat,784,32,1
wheat,873,30,1
wheat,682,23,0
wheat,839,22,0
wheat,747,29,1
wheat,837,20,0
wheat,618,12,0
wheat,804,27,1
wheat,620,23,0
wheat,569,19,1
wheat,825,35,1
wheat,627,27,1
wheat,767,30,1
wheat,465,20,1
wheat,649,23,0
wheat,558,27,1
wheat,700,19,0
wheat,741,19,0
wheat,472,22,1
wheat,527,20,1
wheat,512,21,1
wheat,609,17,0
wheat,755,14,0
wheat,632,14,0
wheat,463,30,1
wheat,560,8,1
wheat,646,16,0
wheat,602,18,0
wheat,547,24,1
wheat,502,12,1
wheat,504,21,1
wheat,535,7,1
wheat,563,31,1
wheat,563,27,1
wheat,640,19,0
wheat,452,25,0
wheat,620,20,1
wheat,638,22,0
wheat,629,23,0
wheat,461,28,1
wheat,668,19,0
wheat,741,24,1
wheat,594,22,0
wheat,498,24,1
wheat,785,25,1
wheat,447,31,1
wheat,478,23,1
wheat,788,29,1
wheat,558,29,1
wheat,658,24,0
wheat,629,10,0
wheat,572,16,1
wheat,671,19,0
wheat,598,14,0
wheat,475,26,0
wheat,496,27,1
wheat,582,23,0
wheat,726,15,0
wheat,560,32,1
wheat,690,17,0
wheat,698,12,0
wheat,699,20,0
wheat,639,12,0
wheat,451,22,1
wheat,819,21,0
wheat,669,15,0
wheat,659,20,0
wheat,629,25,1
wheat,546,27,1
wheat,602,18,0
wheat,689,24,0
wheat,623,20,0
wheat,676,10,0
wheat,831,28,1
wheat,792,22,0
wheat,837,26,1
wheat,541,32,1
wheat,853,34,1
wheat,750,9,0
wheat,696,27,1
wheat,742,28,1
wheat,542,25,0
wheat,779,22,0
wheat,715,17,0
wheat,443,29,1
wheat,598,31,1
wheat,657,11,0
wheat,866,32,1
wheat,556,17,1
wheat,435,26,1
wheat,641,16,0
wheat,498,30,1
wheat,811,25,1
wheat,717,15,0
wheat,614,33,1
wheat,717,22,0
wheat,698,24,0
wheat,731,18,0
wheat,442,19,1
wheat,811,28,1
wheat,681,16,0
wheat,561,23,1
wheat,643,15,0
wheat,488,11,1
wheat,446,33,1
wheat,616,11,1
wheat,478,23,1
wheat,682,12,0
wheat,770,13,0
wheat,739,29,1
wheat,590,31,1
wheat,579,28,1
wheat,603,26,1
wheat,477,29,1
wheat,781,32,1
wheat,685,21,0
wheat,530,24,1
wheat,628,19,0
wheat,513,17,1
wheat,532,27,1
wheat,704,14,0
wheat,445,21,1
wheat,784,34,1
wheat,570,20,1
wheat,528,22,1
wheat,707,9,0
wheat,724,7,0
wheat,747,27,1
wheat,508,21,1
wheat,715,32,1
wheat,802,23,0
wheat,721,26,0
wheat,722,15,0
wheat,472,29,1
wheat,642,25,1
wheat,625,22,0
wheat,746,33,1
wheat,547,6,1
wheat,463,28,1
wheat,839,26,1
wheat,700,26,1
wheat,702,15,0
wheat,606,22,0
wheat,610,10,0
wheat,713,25,1
wheat,427,31,1
wheat,720,10,0
wheat,605,15,0
wheat,659,25,0
wheat,479,18,1
wheat,575,24,1
wheat,535,13,1
wheat,643,23,0
wheat,517,14,1
wheat,483,30,1
wheat,762,12,0
wheat,765,29,1
wheat,640,20,0
wheat,861,27,1
wheat,422,22,1
wheat,550,9,1
wheat,529,29,1
wheat,619,21,0
wheat,749,14,0
wheat,607,14,0
wheat,744,21,0
wheat,621,8,0
wheat,493,23,1
wheat,638,7,0
wheat,638,13,0
wheat,489,27,1
wheat,671,23,0
wheat,649,19,0
wheat,688,16,0
wheat,778,29,1
wheat,578,11,1
wheat,465,24,0
wheat,687,24,0
wheat,561,20,1
wheat,739,9,0
wheat,523,25,1
wheat,734,23,0
wheat,545,32,1
wheat,542,19,1
wheat,485,30,1
wheat,688,18,0
wheat,659,18,0
wheat,493,32,1
wheat,765,10,0
wheat,436,18,1
wheat,722,20,0
wheat,516,18,1
wheat,580,24,0
wheat,760,29,1
wheat,785,9,0
wheat,669,22,0
wheat,681,24,0
wheat,469,30,1
wheat,410,26,0
wheat,677,10,0
wheat,444,31,1
wheat,861,30,1
wheat,741,14,0
wheat,830,27,1
wheat,809,16,0
wheat,753,24,1
wheat,439,17,1
wheat,574,14,1
wheat,627,24,0
wheat,814,33,1
wheat,855,29,1
wheat,550,21,1
wheat,577,32,1
wheat,564,11,1
wheat,618,17,1
wheat,770,20,0
wheat,747,26,0
wheat,668,25,1
wheat,654,16,0
wheat,601,33,1
wheat,508,16,1
wheat,516,24,1
wheat,835,10,0
wheat,717,28,1
wheat,866,33,1
wheat,558,31,1
wheat,709,26,1
wheat,549,12,1
wheat,706,11,0
wheat,612,21,0
wheat,570,30,1
wheat,527,19,1
wheat,611,15,1
wheat,593,21,1
wheat,815,34,1
wheat,499,28,1
wheat,425,29,1
wheat,819,28,1
wheat,589,22,1
wheat,652,18,0
wheat,589,31,1
wheat,776,13,0
wheat,473,34,1
wheat,479,21,1
wheat,492,23,1
wheat,672,25,1
wheat,657,20,0
wheat,788,28,1
wheat,407,28,1
wheat,472,22,1
wheat,645,22,0
wheat,593,16,0
wheat,416,30,1
wheat,643,17,0
wheat,799,18,0
wheat,526,20,1
wheat,464,32,1
wheat,450,33,1
wheat,734,33,1
wheat,514,23,1
wheat,637,21,0
wheat,572,20,1
wheat,875,33,1
wheat,672,22,0
wheat,755,22,0
wheat,796,17,0
wheat,678,16,0
wheat,513,26,1
wheat,587,7,0
wheat,481,16,1
wheat,705,9,0
wheat,412,32,1
wheat,567,28,1
wheat,808,29,1
wheat,772,33,1
wheat,467,29,1
wheat,520,32,1
wheat,534,31,1
wheat,800,29,1
wheat,627,23,0
wheat,739,22,0
wheat,819,24,0
wheat,658,16,0
wheat,515,18,1
wheat,566,23,1
wheat,718,26,1
wheat,647,17,0
wheat,499,29,1
wheat,648,19,0
wheat,670,19,0
wheat,691,13,0
wheat,583,29,0
wheat,729,27,1
wheat,541,29,1
wheat,530,34,1
wheat,424,31,1
wheat,528,20,1
wheat,547,19,1
wheat,530,30,1
wheat,755,31,1
wheat,555,12,1
wheat,453,27,1
wheat,750,25,0
wheat,817,28,1
wheat,468,25,1
wheat,843,31,1
wheat,750,21,0
wheat,657,14,0
wheat,654,21,0
wheat,680,24,1
wheat,462,30,1
wheat,635,12,0
wheat,859,15,0
wheat,808,31,1
wheat,815,20,0
wheat,549,22,1
wheat,722,17,0
wheat,448,29,1
wheat,642,24,0
wheat,567,28,1
wheat,681,26,1
wheat,526,7,1
wheat,520,17,1
wheat,669,18,0
wheat,481,29,1
wheat,424,30,1
wheat,468,22,1
wheat,652,17,0
wheat,653,19,0
wheat,557,34,1
wheat,710,16,0
wheat,594,19,1
wheat,741,27,1
wheat,652,20,0
wheat,750,23,0
wheat,522,31,1
wheat,675,34,1
wheat,520,13,1
wheat,462,31,1
wheat,529,22,1
wheat,649,26,1
wheat,761,32,1
wheat,674,23,0
wheat,642,17,0
wheat,553,18,1
wheat,604,21,0
wheat,733,24,0
wheat,749,23,0
wheat,561,29,1
wheat,690,15,0
wheat,579,10,1
wheat,572,20,1
wheat,516,27,1
wheat,557,17,1
wheat,744,22,0
wheat,515,27,1
wheat,520,34,1
wheat,663,22,0
wheat,560,15,1
wheat,573,21,1
wheat,535,18,1
wheat,451,21,1
wheat,795,23,0
wheat,516,17,1
wheat,754,34,1
wheat,592,20,0
wheat,557,19,1
wheat,669,21,0
wheat,626,18,0
wheat,728,22,0
wheat,401,21,1
wheat,774,25,1
wheat,693,25,0
wheat,478,35,1
wheat,796,30,1
wheat,733,23,0
wheat,439,15,1
wheat,593,23,1
wheat,825,11,0
wheat,532,30,1
wheat,647,22,0
wheat,708,17,0
wheat,485,19,1
wheat,771,14,0
wheat,753,22,0
wheat,834,34,1
wheat,515,19,1
wheat,694,14,0
wheat,604,18,0
wheat,562,20,1
wheat,669,20,0
wheat,645,24,0
wheat,497,21,1
wheat,483,20,1
wheat,650,18,0
wheat,743,17,0
wheat,810,32,1
wheat,864,33,1
wheat,735,16,0
wheat,653,17,0
wheat,461,22,1
wheat,460,18,1
wheat,578,8,1
wheat,658,19,0
wheat,560,18,1
wheat,854,30,1
wheat,831,33,1
wheat,519,34,1
wheat,547,22,1
wheat,651,22,0
wheat,717,30,1
wheat,429,23,1
wheat,634,9,0
wheat,783,32,1
wheat,650,11,0
wheat,655,26,1
wheat,861,25,1
wheat,554,24,1
wheat,586,24,0
wheat,774,33,1
wheat,475,25,0
wheat,844,26,1
wheat,613,21,0
wheat,782,34,1
wheat,535,22,1
wheat,752,18,0
wheat,502,32,1
wheat,536,21,1
wheat,741,31,1
wheat,781,15,0
wheat,479,27,1
wheat,738,18,0
wheat,675,9,0
wheat,741,30,1
wheat,617,15,0
wheat,765,35,1
wheat,660,15,0
wheat,530,24,1
wheat,414,31,1
wheat,843,30,1
wheat,593,24,1
wheat,659,26,1
wheat,483,34,1
wheat,716,7,0
wheat,596,15,0
wheat,733,22,0
wheat,595,19,1
wheat,726,21,0
wheat,616,18,0
wheat,862,26,1
wheat,626,10,0
wheat,486,20,1
wheat,554,20,1
wheat,543,10,1
wheat,548,19,1
wheat,662,12,0
wheat,705,21,0
wheat,478,28,1
wheat,844,30,1
wheat,750,15,0
wheat,497,20,1
wheat,590,14,1
wheat,817,24,0
wheat,425,27,1
wheat,493,19,1
wheat,619,14,1
wheat,555,32,1
wheat,830,31,1
wheat,543,23,1
wheat,795,30,1
wheat,477,28,1
wheat,494,24,0
wheat,538,22,1
wheat,819,26,1
wheat,519,12,1
wheat,673,10,0
wheat,567,25,0
wheat,605,18,0
wheat,640,22,0
wheat,711,12,0
wheat,730,26,1
wheat,785,29,1
wheat,495,22,1
wheat,564,20,1
wheat,597,22,0
wheat,896,28,1
wheat,524,20,1
wheat,494,14,1
wheat,804,35,1
wheat,501,29,1
wheat,811,31,1
wheat,696,22,0
wheat,530,18,1
wheat,757,24,1
wheat,450,19,1
wheat,556,15,1
wheat,697,10,0
wheat,763,10,0
wheat,641,33,1
wheat,432,33,1
wheat,670,14,0
wheat,713,19,0
wheat,543,22,1
wheat,691,27,1
wheat,476,33,1
wheat,821,32,1
wheat,563,13,1
wheat,636,24,0
wheat,510,19,1
wheat,675,21,0
wheat,733,14,0
wheat,637,23,0
wheat,530,24,1
wheat,677,22,0
wheat,430,20,1
wheat,504,20,1
wheat,616,27,0
wheat,707,23,0
wheat,618,12,1
wheat,819,31,1
wheat,496,25,1
wheat,459,28,1
wheat,440,22,1
wheat,507,18,1
wheat,833,33,1
wheat,619,17,1
wheat,778,28,1
wheat,671,27,1
wheat,805,26,1
wheat,710,24,0
wheat,529,18,1
wheat,530,19,1
wheat,684,10,0
wheat,807,29,1
wheat,729,30,1
wheat,749,23,0
wheat,723,20,0
wheat,453,16,1
wheat,660,20,0
wheat,817,28,1
wheat,661,9,0
wheat,693,21,0
wheat,598,12,0
wheat,690,23,0
wheat,673,19,0
wheat,621,24,0
wheat,645,23,0
wheat,530,32,1
wheat,651,21,0
wheat,709,10,0
wheat,544,17,1
wheat,706,9,0
wheat,650,13,0
wheat,696,22,0
wheat,847,27,1
wheat,590,14,1
wheat,444,30,1
wheat,513,18,1
wheat,624,22,0
wheat,825,9,0
wheat,741,21,0
wheat,726,15,0
wheat,666,15,0
wheat,473,26,0
wheat,836,22,0
wheat,663,20,0
wheat,562,28,1
wheat,869,30,1
wheat,613,17,0
wheat,708,27,1
wheat,641,22,0
wheat,835,25,0
wheat,511,29,1
wheat,435,27,1
wheat,596,23,0
wheat,569,12,1
wheat,709,33,1
wheat,555,12,1
wheat,633,21,0
wheat,446,29,1
wheat,748,20,0
wheat,761,33,1
wheat,885,29,1
wheat,551,29,1
wheat,762,29,1
wheat,718,15,0
wheat,572,29,1
wheat,758,32,1
wheat,850,32,1
wheat,733,10,0
wheat,604,18,1
wheat,825,32,1
wheat,419,34,1
wheat,484,18,1
wheat,543,26,0
wheat,830,27,1
wheat,471,24,1
wheat,499,31,1
wheat,540,26,1
wheat,495,20,1
wheat,591,16,0
wheat,540,22,1
wheat,667,28,1
wheat,483,22,1
wheat,464,33,1
wheat,761,16,0
wheat,854,29,1
wheat,749,27,1
wheat,457,21,1
wheat,709,23,0
wheat,705,21,0
wheat,527,23,1
wheat,607,18,1
wheat,604,19,0
wheat,652,21,0
wheat,437,30,1
wheat,456,23,1
wheat,469,24,0
wheat,474,32,1
wheat,423,24,1
wheat,542,17,1
wheat,519,21,1
wheat,757,34,1
wheat,722,16,0
wheat,451,26,0
wheat,573,19,1
wheat,552,24,1
wheat,703,22,0
wheat,619,8,0
wheat,766,22,0
wheat,698,10,0
wheat,454,28,1
wheat,858,34,1
wheat,714,22,0
wheat,797,33,1
wheat,727,23,0
wheat,642,16,0
wheat,467,27,1
wheat,674,16,0
wheat,740,8,0
wheat,561,20,1
wheat,506,33,1
wheat,776,30,1
wheat,543,25,1
wheat,610,27,0
wheat,638,25,1
wheat,721,26,0
wheat,673,22,0
wheat,814,29,1
wheat,748,22,0
wheat,709,8,0
wheat,454,28,1
wheat,690,22,0
wheat,731,23,0
wheat,548,30,1
wheat,796,31,1
wheat,437,23,1
wheat,761,20,0
wheat,699,22,0
wheat,772,20,0
wheat,642,20,0
wheat,621,23,0
wheat,854,22,0
wheat,641,17,0
wheat,670,10,0
wheat,466,22,1
wheat,747,8,0
wheat,649,15,0
wheat,701,27,1
wheat,704,13,0
wheat,750,11,0
wheat,689,14,0
wheat,661,18,0
wheat,619,25,0
wheat,490,22,1
wheat,543,26,1
wheat,856,29,1
wheat,493,19,1
wheat,524,22,1
wheat,474,25,0
wheat,575,18,1
wheat,487,26,0
wheat,532,26,1
wheat,647,32,1
wheat,527,25,1
wheat,762,18,0
wheat,685,22,0
wheat,619,20,0
wheat,602,15,0
wheat,599,22,0
wheat,508,30,1
wheat,511,29,1
wheat,539,17,1
wheat,659,18,0
wheat,620,22,0
wheat,618,18,1
wheat,538,25,0
wheat,701,19,0
wheat,804,30,1
wheat,749,22,0
wheat,535,12,1
wheat,635,20,0
wheat,640,12,0
wheat,718,25,0
wheat,679,17,0
wheat,492,33,1
wheat,860,27,1
wheat,692,16,0
wheat,578,18,1
wheat,716,24,0
wheat,747,31,1
wheat,684,17,0
wheat,471,33,1
wheat,612,19,1
wheat,614,25,1
wheat,791,29,1
wheat,799,28,1
wheat,449,26,1
wheat,532,22,1
wheat,600,12,0
wheat,486,31,1
wheat,432,25,0
wheat,775,31,1
wheat,602,19,1
wheat,704,26,1
wheat,831,29,1
wheat,812,32,1
wheat,610,22,1
wheat,739,17,0
wheat,660,12,0
wheat,699,24,0
wheat,522,29,1
wheat,528,27,1
wheat,553,26,1
wheat,719,17,0
wheat,673,11,0
wheat,701,28,1
wheat,596,23,1
wheat,496,16,1
wheat,404,30,1
wheat,699,17,0
wheat,669,26,1
wheat,717,23,0
wheat,737,26,1
wheat,872,29,1
wheat,432,32,1
wheat,600,14,1
wheat,702,10,0
wheat,830,31,1
wheat,619,13,0
wheat,677,21,0
wheat,541,11,1
wheat,553,21,1
wheat,705,24,0
wheat,579,15,1
wheat,748,12,0
wheat,670,13,0
wheat,453,28,1
wheat,739,20,0
wheat,569,9,1
wheat,564,16,1
wheat,710,29,1
wheat,633,16,0
wheat,724,19,0
wheat,759,15,0
wheat,725,10,0
wheat,750,25,0
wheat,499,35,1
wheat,495,26,1
wheat,487,34,1
wheat,522,20,1
wheat,534,24,1
wheat,654,18,0
wheat,774,32,1
wheat,724,18,0
wheat,607,25,1
wheat,751,30,1
wheat,660,17,0
wheat,517,18,1
wheat,462,33,1
wheat,751,30,1
wheat,607,22,0
wheat,774,22,0
wheat,565,28,1
wheat,731,19,0
wheat,536,18,1
wheat,753,26,1
wheat,757,25,1
wheat,490,30,1
wheat,534,11,1
wheat,516,30,1
wheat,640,21,0
wheat,605,10,1
wheat,801,30,1
wheat,665,18,0
wheat,564,15,1
wheat,620,25,0
wheat,573,21,1
wheat,463,30,1
wheat,635,17,0
wheat,573,13,1
wheat,598,24,1
wheat,858,31,1
wheat,795,28,1
wheat,740,19,0
wheat,490,27,1
wheat,780,35,1
wheat,537,24,1
wheat,821,32,1
wheat,675,19,0
wheat,707,12,0
wheat,559,26,1
wheat,775,15,0
wheat,553,16,1
wheat,685,22,0
wheat,579,33,1
wheat,644,7,0
wheat,763,17,0
wheat,601,6,0
wheat,658,19,0
wheat,656,20,0
wheat,594,12,1
wheat,685,18,0
wheat,545,30,1
wheat,560,30,1
wheat,668,23,0
wheat,442,31,1
wheat,801,22,0
wheat,671,19,0
wheat,588,19,1
wheat,594,18,1
wheat,616,23,1
wheat,811,29,1
wheat,407,20,1
wheat,565,22,1
wheat,730,15,0
wheat,494,29,1
wheat,426,18,1
wheat,509,34,1
wheat,496,22,1
wheat,751,12,0
wheat,533,34,1
wheat,595,18,1
wheat,784,28,1
wheat,595,21,1
wheat,500,23,1
wheat,748,26,1
wheat,593,20,1
wheat,652,24,0
wheat,541,16,1
wheat,887,31,1
wheat,568,19,1
wheat,788,20,0
wheat,499,34,1
wheat,479,26,1
wheat,528,30,1
wheat,557,30,1
wheat,729,28,1
wheat,654,26,1
wheat,519,34,1
wheat,492,23,1
wheat,503,25,0
wheat,556,20,1
wheat,520,22,1
wheat,693,9,0
wheat,609,20,1
wheat,745,21,0
wheat,573,24,1
wheat,791,32,1
wheat,855,30,1
wheat,809,25,0
wheat,696,18,0
wheat,752,18,0
wheat,777,22,0
wheat,603,23,0
wheat,650,8,0
wheat,616,24,1
wheat,796,22,0
wheat,554,31,1
wheat,555,13,1
wheat,479,21,1
wheat,556,23,1
wheat,663,20,0
wheat,747,23,0
wheat,625,25,1
wheat,704,16,0
wheat,697,6,0
wheat,687,16,0
wheat,561,25,1
wheat,801,27,1
wheat,414,29,1
wheat,552,17,1
wheat,812,17,0
wheat,655,13,0
wheat,734,15,0
wheat,587,18,0
wheat,407,19,1
wheat,529,24,0
wheat,710,27,1
wheat,726,11,0
wheat,820,31,1
wheat,659,20,0
wheat,478,30,1
wheat,629,26,0
wheat,808,31,1
wheat,628,12,0
wheat,555,19,1
wheat,644,20,0
wheat,599,17,0
wheat,613,13,0
wheat,700,17,0
wheat,809,29,1
wheat,695,27,1
wheat,716,22,0
wheat,785,27,1
wheat,412,30,1
wheat,605,31,0
wheat,623,13,0
wheat,662,19,0
wheat,541,21,1
wheat,679,20,0
wheat,757,24,0
wheat,663,25,1
wheat,778,16,0
wheat,694,14,0
wheat,714,23,0
wheat,766,19,0
wheat,661,15,0
wheat,809,28,1
wheat,628,27,1
wheat,699,23,0
wheat,635,12,0
wheat,839,32,1
wheat,732,23,0
wheat,591,26,0
wheat,539,31,1
wheat,585,22,1
wheat,560,15,1
wheat,712,23,0
wheat,767,34,1
wheat,821,26,1
wheat,743,11,0
wheat,571,20,1
wheat,549,26,0
wheat,667,25,1
wheat,683,21,0
wheat,715,15,0
wheat,698,16,0
wheat,472,18,1
wheat,482,21,1
wheat,521,24,1
wheat,418,30,1
wheat,636,15,0
wheat,490,30,1
wheat,702,22,0
wheat,545,19,1
wheat,583,17,1
wheat,619,31,0
wheat,716,15,0
wheat,875,31,1
wheat,790,34,1
wheat,499,23,1
wheat,659,21,0
wheat,658,27,1
wheat,737,26,0
wheat,841,27,1
wheat,612,18,0
wheat,617,6,1
wheat,677,17,0
wheat,629,18,0
wheat,770,30,1
wheat,672,26,1
wheat,690,19,0
wheat,688,13,0
wheat,810,32,1
wheat,786,23,0
wheat,476,24,1
wheat,678,24,0
wheat,682,15,0
wheat,685,15,0
wheat,649,11,0
wheat,843,30,1
wheat,609,31,0
wheat,773,31,1
wheat,841,27,1
wheat,469,27,1
wheat,517,32,1
wheat,455,33,1
wheat,632,23,0
wheat,443,32,1
wheat,698,19,0
wheat,577,18,1
wheat,683,24,0
wheat,483,18,1
wheat,586,24,1
wheat,798,20,0
wheat,705,7,0
wheat,807,9,0
wheat,742,31,1
wheat,673,10,0
wheat,618,23,1
wheat,824,17,0
wheat,789,31,1
wheat,705,23,0
wheat,799,12,0
wheat,468,30,1
wheat,624,18,0
wheat,461,24,1
wheat,694,19,0
wheat,687,13,0
wheat,728,22,0
wheat,629,21,0
wheat,667,17,0
wheat,664,28,1
wheat,667,20,0
wheat,549,17,1
wheat,709,21,0
wheat,759,17,0
wheat,770,31,1
wheat,684,17,0
wheat,570,18,1
wheat,612,24,1
wheat,693,23,0
wheat,565,22,1
wheat,709,15,0
wheat,621,21,0
wheat,651,26,1
wheat,432,18,1
wheat,586,32,0
wheat,783,21,0
wheat,823,25,0
wheat,485,18,1
wheat,608,19,1
wheat,502,27,1
wheat,815,26,1
wheat,794,13,0
wheat,626,24,0
wheat,665,19,0
wheat,722,30,1
wheat,635,33,1
wheat,768,14,0
wheat,783,33,1
wheat,807,29,1
wheat,561,16,1
wheat,867,31,1
wheat,645,15,0
wheat,619,22,0
wheat,590,14,0
wheat,723,20,0
wheat,518,32,1
wheat,481,20,1
wheat,440,30,1
wheat,528,30,1
wheat,758,27,1
wheat,611,20,1
wheat,573,14,1
wheat,462,27,1
wheat,737,5,0
wheat,790,21,0
wheat,662,16,0
wheat,583,22,1
wheat,535,20,1
wheat,817,7,0
wheat,645,20,0
wheat,476,22,1
wheat,583,11,1
wheat,781,18,0
wheat,577,20,1
wheat,680,25,1
wheat,762,13,0
wheat,512,21,1
wheat,470,29,1
wheat,527,21,1
wheat,677,12,0
wheat,615,13,1
wheat,530,23,1
wheat,690,19,0
wheat,786,30,1
wheat,523,31,1
wheat,658,24,0
wheat,854,31,1
wheat,643,21,0
wheat,616,19,0
wheat,537,24,0
wheat,489,25,0
wheat,528,24,1
wheat,422,32,1
wheat,638,21,0
wheat,723,23,0
wheat,593,15,1
wheat,622,28,1
wheat,457,19,1
wheat,792,23,0
wheat,514,33,1
wheat,675,21,0
wheat,786,21,0
wheat,528,27,1
wheat,841,24,0
wheat,647,21,0
wheat,704,24,0
wheat,431,32,1
wheat,584,12,1
wheat,799,32,1
wheat,511,23,1
wheat,624,25,1
wheat,408,24,1
wheat,828,16,0
wheat,765,19,0
wheat,650,20,0
wheat,619,19,0
wheat,625,25,0
wheat,448,27,1
wheat,440,28,1
wheat,745,28,1
wheat,706,21,0
wheat,845,27,1
wheat,839,29,1
wheat,592,21,1
wheat,716,22,0
wheat,677,18,0
wheat,719,17,0
wheat,725,32,1
wheat,601,22,1
wheat,658,19,0
wheat,466,19,1
wheat,624,34,1
wheat,493,24,1
wheat,533,20,1
wheat,675,22,0
wheat,617,20,0
wheat,691,22,0
wheat,614,28,0
wheat,528,26,1
wheat,451,19,1
wheat,642,7,0
wheat,663,17,0
wheat,478,33,1
wheat,449,22,1
wheat,833,27,1
wheat,538,30,1
wheat,674,17,0
wheat,621,15,0
wheat,769,21,0
wheat,543,24,1
wheat,840,26,0
wheat,777,25,0
wheat,662,18,0
wheat,694,16,0
wheat,707,21,0
wheat,718,15,0
wheat,643,21,0
wheat,728,32,1
wheat,471,29,1
wheat,590,28,1
wheat,658,12,0
wheat,779,30,1
wheat,783,28,1
wheat,639,8,0
wheat,786,34,1
wheat,762,28,1
wheat,435,34,1
wheat,691,16,0
wheat,696,21,0
wheat,569,21,1
wheat,501,19,1
wheat,540,20,1
wheat,644,17,0
wheat,584,21,1
wheat,528,30,1
wheat,851,21,0
wheat,733,17,0
wheat,505,19,1
wheat,737,17,0
wheat,440,27,1
wheat,528,29,1
wheat,437,29,1
wheat,751,21,0
wheat,642,27,1
wheat,659,21,0
wheat,727,14,0
wheat,772,11,0
wheat,807,24,1
wheat,812,30,1
wheat,513,31,1
wheat,618,19,1
wheat,480,30,1
wheat,461,32,1
wheat,725,27,1
wheat,729,15,0
wheat,564,31,1
wheat,636,19,0
wheat,595,21,1
wheat,706,24,0
wheat,716,30,1
wheat,455,20,1
wheat,577,6,1
wheat,418,28,1
wheat,739,23,0
wheat,565,21,1
wheat,823,17,0
wheat,422,17,1
wheat,763,21,0
wheat,708,20,0
wheat,847,29,1
wheat,467,31,1
wheat,787,25,1
wheat,700,26,1
wheat,619,25,0
wheat,607,20,0
wheat,713,23,0
wheat,736,12,0
wheat,579,24,1
wheat,506,26,1
wheat,828,29,1
wheat,495,19,1
wheat,616,17,0
wheat,718,19,0
wheat,545,13,1
wheat,669,19,0
wheat,646,12,0
wheat,725,29,1
wheat,585,21,0
wheat,786,28,1
wheat,656,6,0
wheat,545,23,1
wheat,771,31,1
wheat,741,14,0
wheat,607,26,0
wheat,725,26,1
wheat,605,12,0
wheat,718,21,0
wheat,761,19,0
wheat,731,18,0
wheat,609,7,1
wheat,470,20,1
wheat,850,28,1
wheat,654,8,0
wheat,610,21,0
wheat,788,30,1
wheat,701,19,0
wheat,595,8,0
wheat,455,19,1
wheat,815,23,0
wheat,562,12,1
wheat,462,22,1
wheat,566,25,0
wheat,674,19,0
wheat,554,22,1
wheat,858,29,1
wheat,634,7,0
wheat,748,30,1
wheat,713,23,0
wheat,774,30,1
wheat,740,31,1
wheat,785,27,1
wheat,682,14,0
wheat,610,25,0
wheat,496,34,1
wheat,502,19,1
wheat,720,26,1
wheat,623,17,0
wheat,623,30,1
wheat,654,13,0
wheat,427,25,1
wheat,488,18,1
wheat,620,15,0
wheat,513,28,1
wheat,864,28,1
wheat,618,21,1
wheat,808,21,0
wheat,495,14,1
wheat,608,22,0
wheat,466,30,1
wheat,612,9,1
wheat,469,32,1
wheat,521,30,1
wheat,576,16,1
wheat,712,23,0
wheat,870,28,1
wheat,789,32,1
wheat,459,27,1
wheat,495,23,1
wheat,583,21,1
wheat,789,28,1
wheat,674,11,0
wheat,664,22,0
wheat,679,25,0
wheat,527,25,0
wheat,642,25,0
wheat,540,29,1
wheat,517,24,1
wheat,820,30,1
wheat,455,29,1
wheat,539,22,1
wheat,499,28,1
wheat,762,35,1
wheat,647,19,0
wheat,564,16,1
wheat,533,18,1
wheat,459,33,1
wheat,620,20,1
wheat,800,31,1
wheat,779,30,1
wheat,667,21,0
wheat,713,27,1
wheat,729,26,1
wheat,781,17,0
wheat,673,18,0
wheat,560,19,1
wheat,424,21,1
wheat,540,24,1
wheat,672,17,0
wheat,698,21,0
wheat,593,20,0
wheat,679,17,0
wheat,664,17,0
wheat,512,22,1
wheat,745,30,1
wheat,563,22,1
wheat,759,31,1
wheat,683,15,0
wheat,538,18,1
wheat,651,15,0
wheat,484,33,1
wheat,666,21,0
wheat,751,8,0
wheat,683,24,0
wheat,425,24,1
wheat,714,30,1
wheat,707,12,0
wheat,797,30,1
wheat,532,33,1
wheat,446,25,1
wheat,571,17,1
wheat,480,27,1
wheat,635,21,0
wheat,573,25,0
wheat,587,22,0
wheat,561,25,1
wheat,584,14,1
wheat,779,24,0
wheat,431,26,0
wheat,681,24,0
wheat,569,26,0
wheat,830,28,1
wheat,740,18,0
wheat,607,34,0
wheat,630,26,0
wheat,532,21,1
wheat,561,32,1
wheat,561,14,1
wheat,827,32,1
wheat,732,24,0
wheat,472,33,1
wheat,461,17,1
wheat,803,26,1
wheat,423,25,0
wheat,526,23,1
wheat,524,21,1
wheat,593,16,1
wheat,763,31,1
wheat,490,26,1
wheat,816,26,1
wheat,763,28,1
wheat,688,22,0
wheat,662,19,0
wheat,605,23,0
wheat,483,29,1
wheat,695,14,0
wheat,579,25,0
wheat,512,24,1
wheat,590,22,0
wheat,658,25,0
wheat,649,24,0
wheat,797,28,1
wheat,820,28,1
wheat,570,33,1
wheat,643,23,0
wheat,474,23,1
wheat,538,20,1
wheat,647,22,0
wheat,793,23,0
wheat,426,21,1
wheat,460,21,1
wheat,609,25,1
wheat,676,20,0
wheat,777,34,1
wheat,509,16,1
wheat,575,22,1
wheat,648,23,0
wheat,570,23,1
wheat,477,12,1
wheat,695,22,0
wheat,638,14,0
wheat,614,11,1
wheat,548,19,1
wheat,836,26,1
wheat,624,11,0
wheat,838,27,1
wheat,610,12,0
wheat,612,18,0
wheat,508,30,1
wheat,656,18,0
wheat,667,22,0
wheat,642,21,0
wheat,645,19,0
wheat,635,14,0
wheat,448,29,1
wheat,666,25,1
wheat,787,28,1
wheat,468,25,0
wheat,816,26,0
wheat,679,13,0
wheat,494,23,1
wheat,677,24,0
wheat,557,33,1
wheat,820,33,1
wheat,805,31,1
wheat,632,16,0
wheat,685,10,0
wheat,654,23,0
wheat,815,28,1
wheat,718,25,0
wheat,604,18,1
wheat,574,32,1
wheat,719,23,0
wheat,603,16,1
wheat,604,12,0
wheat,856,27,1
wheat,422,30,1
wheat,822,32,1
wheat,627,13,0
wheat,497,15,1
wheat,693,16,0
wheat,577,10,1
wheat,550,17,1
wheat,452,26,1
wheat,697,34,1
wheat,523,19,1
wheat,805,33,1
wheat,544,18,1
wheat,718,22,0
wheat,748,32,1
wheat,677,7,0
wheat,741,29,1
wheat,654,19,0
wheat,490,33,1
wheat,702,21,0
wheat,449,26,1
wheat,608,20,1
wheat,470,23,1
wheat,488,34,1
wheat,563,21,1
wheat,769,21,0
wheat,535,18,1
wheat,795,11,0
wheat,525,28,1
wheat,567,14,1
wheat,655,19,0
wheat,717,15,0
wheat,677,15,0
wheat,595,26,1
wheat,613,22,0
wheat,662,21,0
wheat,784,14,0
wheat,653,22,0
wheat,647,25,1
wheat,574,12,1
wheat,628,26,0
wheat,720,21,0
wheat,669,7,0
wheat,543,28,1
wheat,470,25,1
wheat,456,27,1
wheat,718,21,0
wheat,646,9,0
wheat,713,21,0
wheat,755,31,1
wheat,560,21,1
wheat,776,18,0
wheat,594,12,1
wheat,683,24,0
wheat,599,23,1
wheat,566,24,1
wheat,694,16,0
wheat,536,22,1
wheat,633,14,0
wheat,656,6,0
wheat,655,17,0
wheat,714,31,1
wheat,490,35,1
wheat,572,22,1
wheat,807,32,1
wheat,549,6,1
wheat,605,20,0
wheat,573,16,1
wheat,723,22,0
wheat,737,16,0
wheat,633,16,0
wheat,609,21,0
wheat,468,25,1
wheat,626,19,0
wheat,763,28,1
wheat,605,19,1
wheat,489,23,1
wheat,481,30,1
wheat,710,15,0
